Address 1,City,Region,Postal Code,Country
3/217 CNR FITZGERALD AND GORDO,NORTHAM,WA,,AU
UNIT 1 2-4 TAYLER ROAD,,NSW,2777,AU
65 GEORGE ST,,NSW,2795,AU
86 VICTORIA ST,VICTOR HARBOR,SA,5211,AU
6 COMMERCIAL DRIVE,WALLAN,VIC,3756,AU
10 GOLDSMITH DR,NOARLUNGA CENTRE,SA,5168,AU
U3 38 STENNETT RD,INGLEBURN,NSW,2565,AU
911 SOUTH RD,CLARENCE GARDENS,SA,5039,AU
1382 CANTERBURY RD,PUNCHBOWL,NSW,2196,AU
115 GREENS RD,DANDENONG SOUTH,VIC,3175,AU
68 MUNIBUNGA,CARDIFF,NSW,2285,AU
18-20 MILE END ROAD,ROUSE HILL,NSW,2155,AU
7 LINDSAY ST,ROCKDALE,NSW,2216,AU
74 ABSOLON ST,LAKE GRACE,WA,6353,AU
27 LAIDLAW DR,DELACOMBE,VIC,3356,AU
15-16 KABLE AV,TAMWORTH,NSW,2340,AU
112 DAWSON STREET,LISMORE,NSW,2480,AU
UNIT 2/6 HAMMER CT,HOPPERS CROSSING,VIC,3029,AU
103 ROSS ST,TATURA,VIC,3616,AU
277 KEIRA STREET,WOLLONGONG,NSW,2500,AU
11 TOOHEY RD,WETHERILL PARK,NSW,2164,AU
33 WELSHPOOL RD,WELSHPOOL,WA,6106,AU
1133 RAGLAN PARADE,WARNAMBOOL,VIC,3280,AU
28 WAVERLY DR,UNANDERRA,NSW,2530,AU
6 BOND ST,WETHERILL PARK,NSW,2164,AU
19 BLAXLAND ROAD,CAMPBELLTOWN,NSW,2560,AU
4 YOUNG ST,BACCHUS MARSH,VIC,3340,AU
7452 NEWELL HIGHWAY,BECKOM,NSW,2665,AU
39 A LACHLAN STREET,SOUTH KEMPSEY,NSW,2440,AU
2/28 INDUSTRIAL DR,NORTH BOAMBEE VALLEY,NSW,2450,AU
24 AIRPORT DR,THURGOONA,NSW,2640,AU
200 CHESTERVILLE RD,MOORABBIN,VIC,3189,AU
1076 SYDNEY ROAD,FAWKNER,VIC,3060,AU
99/600 MAIN NORTH ROAD,SMITHFIELD,SA,5114,AU
3/23 EXPORT DR,MOLENDINAR,QLD,4214,AU
72 SUMNERS RD,SUMNER PARK,QLD,4074,AU
33 TANBY RD,YEPPOON,QLD,4703,AU
5 OAK AVENUE,APOLLO BAY,VIC,3233,AU
72 NORTHERN HWY,ECHUCA,VIC,3564,AU
200 LOGAN RD,WOOLLOONGABBA,QLD,4102,AU
8-10 AVEY RD,MOUNT GAMBIER,SA,5290,AU
160 BYNG ST,ORANGE,NSW,2800,AU
1/2 BROOKE CT,MELTON,VIC,3337,AU
103 ROSS ST,TATURA,VIC,3616,AU
8 GALBRAITH PARK ROAD,CANNONVALE,QLD,4802,AU
1290 LOGAN ROAD,MOUNT GRAVATT,QLD,4122,AU
57 TRAFALGAR RD,EPPING,VIC,3076,AU
139 EUMUNDI ROAD,NOOSAVILLE,QLD,4566,AU
14/60 SHEPPARD STREET,HUME,ACT,2620,AU
411 GRAND JUNCTION ROAD,WINGFIELD,SA,5013,AU
1896 MARMION AVENUE,CLARKSON,WA,6030,AU
430 SCARBOROUGH BEACH ROAD,OSBORNE PARK,WA,6017,AU
6 BERRIMAN DRIVE,WANGARA,WA,6065,AU
6 AUTOMOTIVE DRIVE,WANGARA,WA,6065,AU
21 SHERWOOD RD,ROCKLEA,QLD,4106,AU
100 SLATER PARADE,KEILOR EAST,VIC,3033,AU
2/11 ARGONG CHASE,COCKBURN CENTRAL,WA,6164,AU
163 GRANITE ST,GEEBUNG,QLD,4034,AU
41 KIRKHAM RD,BOWRAL,NSW,2576,AU
13 GIANCARLO CRES,DOOLANDELLA,QLD,4077,AU
5 DIGBY PARKWAY,ROCKBANK,VIC,3335,AU
10 SPENCER RD,NERANG,QLD,4211,AU
86 GLOSSOP ST,ST MARYS,NSW,2760,AU
934-936 VICTORIA RD,WEST RYDE,NSW,2114,AU
200 CHESTERVILLE RD,MOORABBIN,VIC,3189,AU
107 DIAGONAL RD,WARRADALE,SA,5046,AU
110 CONTOUR RD,TRAFALGAR,VIC,3824,AU
145 GOUGER ST,ADELAIDE,SA,5000,AU
1/33A RACE COURSE RD,WHYALLA NORRIE,SA,5608,AU
24 GARRAGULL DR,YARRABILBA,QLD,4207,AU
8 PARRAMATTA RD,UNDERWOOD,QLD,4119,AU
35 TROODE ST,WEST PERTH,WA,6005,AU
53-55 BEERBURRUM RD,CABOOLTURE,,4510,AU
56 CHAPMAN RD,GERALDTON,WA,6530,AU
