Address 1,City,Region,Postal Code,Country,lat,lon
3/217 CNR FITZGERALD AND GORDO,NORTHAM,WA,,AU,-27.9363635,151.9030938
UNIT 1 2-4 TAYLER ROAD,,NSW,2777,AU,-37.9963671,145.2249563
65 GEORGE ST,,NSW,2795,AU,-33.845155,151.108456
86 VICTORIA ST,VICTOR HARBOR,SA,5211,AU,-34.6778616,138.6957592
6 COMMERCIAL DRIVE,WALLAN,VIC,3756,AU,-27.4319639,153.0956689
10 GOLDSMITH DR,NOARLUNGA CENTRE,SA,5168,AU,-27.7147667,153.1944297
U3 38 STENNETT RD,INGLEBURN,NSW,2565,AU,-25.2867996,152.8306053
911 SOUTH RD,CLARENCE GARDENS,SA,5039,AU,-32.8727108,151.7051638
1382 CANTERBURY RD,PUNCHBOWL,NSW,2196,AU,-32.9505732,151.623213
115 GREENS RD,DANDENONG SOUTH,VIC,3175,AU,-33.817488,151.0931291
68 MUNIBUNGA,CARDIFF,NSW,2285,AU,-37.6588202,145.0254615
18-20 MILE END ROAD,ROUSE HILL,NSW,2155,AU,-37.8346262,145.2866407
7 LINDSAY ST,ROCKDALE,NSW,2216,AU,-33.6385574,150.8534559
74 ABSOLON ST,LAKE GRACE,WA,6353,AU,-27.5292676,153.0187637
27 LAIDLAW DR,DELACOMBE,VIC,3356,AU,-37.7862105,145.1409458
15-16 KABLE AV,TAMWORTH,NSW,2340,AU,-32.9402903,151.7104544
112 DAWSON STREET,LISMORE,NSW,2480,AU,-33.8851507,151.0129087
UNIT 2/6 HAMMER CT,HOPPERS CROSSING,VIC,3029,AU,-23.38543,150.5074039
103 ROSS ST,TATURA,VIC,3616,AU,-28.8478941,153.5557986
277 KEIRA STREET,WOLLONGONG,NSW,2500,AU,-36.5659075,143.8628578
11 TOOHEY RD,WETHERILL PARK,NSW,2164,AU,-32.625869,151.1071332
33 WELSHPOOL RD,WELSHPOOL,WA,6106,AU,-27.6516902,152.8823949
1133 RAGLAN PARADE,WARNAMBOOL,VIC,3280,AU,-37.987452,145.216309
28 WAVERLY DR,UNANDERRA,NSW,2530,AU,-26.7305483,153.125208
6 BOND ST,WETHERILL PARK,NSW,2164,AU,-27.4916917,153.0445232
19 BLAXLAND ROAD,CAMPBELLTOWN,NSW,2560,AU,-34.7269798,149.7459777
4 YOUNG ST,BACCHUS MARSH,VIC,3340,AU,-38.0994644,144.3604863
7452 NEWELL HIGHWAY,BECKOM,NSW,2665,AU,-27.3844505,153.0299656
39 A LACHLAN STREET,SOUTH KEMPSEY,NSW,2440,AU,-31.6498806,116.6757309
2/28 INDUSTRIAL DR,NORTH BOAMBEE VALLEY,NSW,2450,AU,-33.9370921,150.990206
24 AIRPORT DR,THURGOONA,NSW,2640,AU,-35.3941277,149.1664545
200 CHESTERVILLE RD,MOORABBIN,VIC,3189,AU,-26.6690577,153.0297186
1076 SYDNEY ROAD,FAWKNER,VIC,3060,AU,-26.6947626,153.0070785
99/600 MAIN NORTH ROAD,SMITHFIELD,SA,5114,AU,-26.7251834,153.1288
3/23 EXPORT DR,MOLENDINAR,QLD,4214,AU,-32.0411221,115.9703494
72 SUMNERS RD,SUMNER PARK,QLD,4074,AU,-34.062635,150.8183501
33 TANBY RD,YEPPOON,QLD,4703,AU,-27.4163781,153.0155403
5 OAK AVENUE,APOLLO BAY,VIC,3233,AU,-38.7554463,143.6573023
72 NORTHERN HWY,ECHUCA,VIC,3564,AU,-36.1467946,144.7311208
200 LOGAN RD,WOOLLOONGABBA,QLD,4102,AU,-27.4946233,153.041805
8-10 AVEY RD,MOUNT GAMBIER,SA,5290,AU,-37.8198627,140.7492498
160 BYNG ST,ORANGE,NSW,2800,AU,-33.2823709,149.10349
1/2 BROOKE CT,MELTON,VIC,3337,AU,-37.6935359,144.6008595
103 ROSS ST,TATURA,VIC,3616,AU,-36.4447678,145.2227347
8 GALBRAITH PARK ROAD,CANNONVALE,QLD,4802,AU,-20.2905567,148.6737163
1290 LOGAN ROAD,MOUNT GRAVATT,QLD,4122,AU,-27.5319263,153.0744805
57 TRAFALGAR RD,EPPING,VIC,3076,AU,-37.6383571,145.0075531
139 EUMUNDI ROAD,NOOSAVILLE,QLD,4566,AU,-26.4102894,153.0466351
14/60 SHEPPARD STREET,HUME,ACT,2620,AU,-35.38941,149.1670279
411 GRAND JUNCTION ROAD,WINGFIELD,SA,5013,AU,-34.8502632,138.5494138
1896 MARMION AVENUE,CLARKSON,WA,6030,AU,-31.6883098,115.7154067
430 SCARBOROUGH BEACH ROAD,OSBORNE PARK,WA,6017,AU,-31.907667,115.8119468
6 BERRIMAN DRIVE,WANGARA,WA,6065,AU,-31.79250029999999,115.8143281
6 AUTOMOTIVE DRIVE,WANGARA,WA,6065,AU,-31.79436059999999,115.8153883
21 SHERWOOD RD,ROCKLEA,QLD,4106,AU,-27.5406445,153.0108178
100 SLATER PARADE,KEILOR EAST,VIC,3033,AU,-37.7315377,144.8602666
2/11 ARGONG CHASE,COCKBURN CENTRAL,WA,6164,AU,-32.1257656,115.8431969
163 GRANITE ST,GEEBUNG,QLD,4034,AU,-27.3654366,153.0550772
41 KIRKHAM RD,BOWRAL,NSW,2576,AU,-34.4755297,150.4179122
13 GIANCARLO CRES,DOOLANDELLA,QLD,4077,AU,-27.6098449,152.9864729
5 DIGBY PARKWAY,ROCKBANK,VIC,3335,AU,-37.7347351,144.6409993
10 SPENCER RD,NERANG,QLD,4211,AU,-27.9979776,153.3411183
86 GLOSSOP ST,ST MARYS,NSW,2760,AU,-33.761739,150.7817697
934-936 VICTORIA RD,WEST RYDE,NSW,2114,AU,-33.8100062,151.0930561
200 CHESTERVILLE RD,MOORABBIN,VIC,3189,AU,-37.9460437,145.0595544
107 DIAGONAL RD,WARRADALE,SA,5046,AU,-34.9969688,138.5303681
110 CONTOUR RD,TRAFALGAR,VIC,3824,AU,-38.2042025,146.1601574
145 GOUGER ST,ADELAIDE,SA,5000,AU,-34.9307776,138.5937564
1/33A RACE COURSE RD,WHYALLA NORRIE,SA,5608,AU,-33.0409219,137.5427366
24 GARRAGULL DR,YARRABILBA,QLD,4207,AU,-27.806311,153.1112433
8 PARRAMATTA RD,UNDERWOOD,QLD,4119,AU,-27.613599,153.1154391
35 TROODE ST,WEST PERTH,WA,6005,AU,-31.9429367,115.8441335
53-55 BEERBURRUM RD,CABOOLTURE,,4510,AU,-27.0786779,152.9515014
56 CHAPMAN RD,GERALDTON,WA,6530,AU,-28.7710917,114.6134211
