Category,,,,,,,,,,,,,,,
HQ_ATT_Q_min_2000_6%_max_4000_8%, -   , 2000 , 3000 , 4000 , 4000 , 4000 , 4000 , 4000 , 4000 , 4000 , 4000 , 4000 , 4000 , 4000 , 4000
,0.0%,6.0%,7.0%,8.0%,8.0%,8.0%,8.0%,8.0%,8.0%,8.0%,8.0%,8.0%,8.0%,8.0%,8.0%
HK_AJT_A_min_5K_3%_max_17.5K_6%,0, $5000 , $7500 , $12500 , $17500 , $17500 , $17500 , $17500 , $17500 , $17500 , $17500 , $17500 , $17500 , $17500 , $17500
,0.0%,3.0%,4.0%,5.0%,6.0%,6.0%,6.0%,6.0%,6.0%,6.0%,6.0%,6.0%,6.0%,6.0%,6.0%
HK_AJT_A_min_6K_3%_max_20K_6%,0, $6000 , $9000 , $15000 , $20000 , $20000 , $20000 , $20000 , $20000 , $20000 , $20000 , $20000 , $20000 , $20000 , $20000
,0.0%,3.0%,4.0%,5.0%,6.0%,6.0%,6.0%,6.0%,6.0%,6.0%,6.0%,6.0%,6.0%,6.0%,6.0%
HK_AJT_Q_min_50_4%_max_300_10%,0,50,100,150,200,300,300,300,300,300,300,300,300,300,300
,0.0%,4.0%,6.0%,8.0%,9.0%,10.0%,10.0%,10.0%,10.0%,10.0%,10.0%,10.0%,10.0%,10.0%,10.0%
HK_ATP_A_min_5K_3%_max_17.5K_6%,0, $5000 , $7500 , $12500 , $17500 , $17500 , $17500 , $17500 , $17500 , $17500 , $17500 , $17500 , $17500 , $17500 , $17500
,0.0%,3.0%,4.0%,5.0%,6.0%,6.0%,6.0%,6.0%,6.0%,6.0%,6.0%,6.0%,6.0%,6.0%,6.0%
HK_ATP_Q_min_1_2%_max_200_5%,0,1,50,100,200,200,200,200,200,200,200,200,200,200,200
,0.0%,2.0%,3.0%,4.0%,5.0%,5.0%,5.0%,5.0%,5.0%,5.0%,5.0%,5.0%,5.0%,5.0%,5.0%
HK_ACD_A_min_6K_3%_max_21K_6%,0, $6000 , $9000 , $15000 , $21000 , $21000 , $21000 , $21000 , $21000 , $21000 , $21000 , $21000 , $21000 , $21000 , $21000
,0.0%,3.0%,4.0%,5.0%,6.0%,6.0%,6.0%,6.0%,6.0%,6.0%,6.0%,6.0%,6.0%,6.0%,6.0%
AL_ACM_A_min_2.5K_8%_max_20K_13%,0, $2500 , $5000 , $7500 , $10000 , $15000 , $20000 , $20000 , $20000 , $20000 , $20000 , $20000 , $20000 , $20000 , $20000
,0.0%,8.0%,9.0%,10.0%,11.0%,12.0%,13.0%,13.0%,13.0%,13.0%,13.0%,13.0%,13.0%,13.0%,13.0%
HK_ACM_Q_min_25_8%_max_100_11%,0, $25 , $50 , $75 , $100 , 100 , 100 , 100 , 100 , 100 , 100 , 100 , 100 , 100 , 100
,0.0%,8.0%,9.0%,10.0%,11.0%,11.0%,11.0%,11.0%,11.0%,11.0%,11.0%,11.0%,11.0%,11.0%,11.0%
HK_ATP_A_min_3K_3%_max_20K_10%,0, $3000 , $5000 , $7500 , $10000 , $12500 , $15000 , $17500 , $20000 , $20000 , $20000 , $20000 , $20000 , $20000 , $20000
,0.0%,3.0%,4.0%,5.0%,6.0%,7.0%,8.0%,9.0%,10.0%,10.0%,10.0%,10.0%,10.0%,10.0%,10.0%
HK_APP_A_min_5K_3%_max_17.5K_10%,0, $5000 , $7500 , $12500 , $17500 , $17500 , $17500 , $17500 , $17500 , $17500 , $17500 , $17500 , $17500 , $17500 , $17500
,0.0%,3.0%,4.0%,5.0%,10.0%,10.0%,10.0%,10.0%,10.0%,10.0%,10.0%,10.0%,10.0%,10.0%,10.0%
HK_ABJ_Q_min_51_4%_max_101_6%,0,50,51,76,101,101,101,101,101,101,101,101,101,101,101
,0.0%,0.0%,4.0%,5.0%,6.0%,6.0%,6.0%,6.0%,6.0%,6.0%,6.0%,6.0%,6.0%,6.0%,6.0%
AL_ACM_Q_min_25_8%_max_200_13%,0,25,50,75,100,150,200,200,200,200,200,200,200,200,200
,0.0%,8.0%,9.0%,10.0%,11.0%,12.0%,13.0%,13.0%,13.0%,13.0%,13.0%,13.0%,13.0%,13.0%,13.0%
AL_ACM_Q_min_25_8%_max_100_11%,0,25,50,75,100,100,100,100,100,100,100,100,100,100,100
,0.0%,8.0%,9.0%,10.0%,11.0%,11.0%,11.0%,11.0%,11.0%,11.0%,11.0%,11.0%,11.0%,11.0%,11.0%
AL_ACM_A_min_2.5K_8%_max_20K_13%,0, $2500 , $5000 , $7500 , $10000 , $15000 , $20000 , $20000 , $20000 , $20000 , $20000 , $20000 , $20000 , $20000 , $20000
,0.0%,8.0%,9.0%,10.0%,11.0%,12.0%,13.0%,13.0%,13.0%,13.0%,13.0%,13.0%,13.0%,13.0%,13.0%
AL_BNZ_Q_min_2K_4%_max_30K_10%, $- , $10 , $20 , $50 , $50 , $50 , $50 , $50 , $50 , $50 , $50 , $50 , $50 , $50 , $50
,0%,3%,5%,7%,7%,7%,7%,7%,7%,7%,7%,7%,7%,7%,7%
AL_ATD_A_min_6K_2%_max_150K_14%, $- , $6000 , $18000 , $24000 , $32000 , $42000 , $55000 , $75000 , $100000 , $150000 , $150000 , $150000 , $150000 , $150000 , $150000
,0%,2%,4%,5%,6%,7%,10%,12%,13%,14%,14.0%,14.0%,14.0%,14.0%,14.0%
AL_ARR_A_min_30K_5%_max_170K_14%, $- , $30000 , $50000 , $65000 , $80000 , $95000 , $115000 , $130000 , $150000 , $170000 , $170000 , $170000 , $170000 , $170000 , $170000
,0%,5%,6%,7%,8%,9%,10%,12%,13%,14%,14%,14%,14%,14%,14%
AL_ATP_Q_min_20_6%_max_120_15%,0,20,40,60,80,110,120,120,120,120,120,120,120,120,120
,0.0%,6.0%,8.0%,10.0%,11.0%,13.0%,15.0%,15.0%,15.0%,15.0%,15.0%,15.0%,15.0%,15.0%,15.0%
HK_AMM_Q_min_80_3%_max_1000_14%,0,80,120,180,240,300,360,500,750,1000,1000,1000,1000,1000,1000
,0%,3.0%,4.0%,5.0%,6.0%,7.0%,9.0%,11.0%,12.0%,14.0%,14.0%,14.0%,14.0%,14.0%,14.0%
HK_AMM_Q_min_120_3%_max_1000_14%,0,80,120,180,240,300,360,500,750,1000,1000,1000,1000,1000,1000
,0%,0%,4.0%,5.0%,6.0%,7.0%,9.0%,11.0%,12.0%,14.0%,14.0%,14.0%,14.0%,14.0%,14.0%
HK_AMM_Q_min_120_5%_max_1000_14%,0,80,120,180,240,300,360,500,750,1000,1000,1000,1000,1000,1000
,0%,0%,5.0%,5.0%,6.0%,7.0%,9.0%,11.0%,12.0%,14.0%,14.0%,14.0%,14.0%,14.0%,14.0%
HK_AMM_Q_min_180_5%_max_1000_14%,0,80,120,180,240,300,360,500,750,1000,1000,1000,1000,1000,1000
,0%,0%,0%,5.0%,6.0%,7.0%,9.0%,11.0%,12.0%,14.0%,14.0%,14.0%,14.0%,14.0%,14.0%
HK_AMM_Q_min_180_5%_max_1000_16%,0,80,120,180,240,300,360,500,750,1000,1000,1000,1000,1000,1000
,0%,0%,0%,5.0%,6.0%,7.0%,9.0%,11.0%,12.0%,16.0%,16.0%,16.0%,16.0%,16.0%,16.0%
HK_AMM_Q_min_250_6%_max_451_12%,0,80,120,180,250,301,351,401,451,451,451,451,451,451,451
,0%,0%,0%,0%,6%,7%,9%,10.5%,12%,12.0%,12.0%,12.0%,12.0%,12.0%,12.0%
HK_AMM_Q_min_250_6%_max_1000_14%,0,80,120,180,250,300,360,500,750,1000,1000,1000,1000,1000,1000
,0%,0%,0%,0%,6.0%,7.0%,10.0%,12.0%,13.0%,14.0%,14.0%,14.0%,14.0%,14.0%,14.0%
HK_AMM_Q_min_300_7%_max_1000_14%,0,80,120,180,240,300,360,500,750,1000,1000,1000,1000,1000,1000
,0%,0%,0%,0%,0%,7.0%,9.0%,11.0%,12.0%,14.0%,14.0%,14.0%,14.0%,14.0%,14.0%
HK_AMM_Q_min_300_7%_max_1000_16%,0,80,120,180,240,300,400,500,600,700,800,900,1000,1000,1000
,0%,0%,0%,0%,0%,7.0%,8.0%,9.0%,10.0%,12.0%,13.0%,15.0%,16.0%,16.0%,16.0%
HK_AMM_Q_min_1000_14%_max_1000_14%,0,300,400,500,600,700,800,900,1000,1000,1000,1000,1000,1000,1000
,0%,0%,0%,0%,0%,0%,0%,0%,14.0%,14.0%,14.0%,14.0%,14.0%,14.0%,14.0%
HK_AMM_A_min_12K_14%_max_12K_14%, $- , $12000 , $12000 , $12000 , $12000 , $12000 , $12000 , $12000 , $12000 , $12000 , $12000 , $12000 , $12000 , $12000 , $12000
,0%,14%,14%,14%,14%,14%,14%,14%,14%,14%,14%,14%,14%,14%,14%
HK_AMM_A_min_15K_5%_max_120K_14%, $- , $10000 , $15000 , $20000 , $27000 , $35000 , $45000 , $60000 , $80000 , $120000 , $120000 , $120000 , $120000 , $120000 , $120000
,0.0%,0.0%,5.0%,5.0%,6.0%,7.0%,9.0%,11.0%,12.0%,14.0%,14.0%,14.0%,14.0%,14.0%,14.0%
HK_AMM_A_min_20K_16%_max_120K_16%, $- , $10000 , $15000 , $20000 , $20000 , $20000 , $20000 , $20000 , $20000 , $20000 , $20000 , $20000 , $20000 , $20000 , $20000
,0.0%,0.0%,0.0%,16%,16%,16%,16%,16%,16%,16%,16%,16%,16%,16%,16%
HK_AMM_A_min_20K_5%_max_120K_14%, $- , $10000 , $15000 , $20000 , $27000 , $35000 , $45000 , $60000 , $80000 , $120000 , $120000 , $120000 , $120000 , $120000 , $120000
,0.0%,0.0%,0.0%,5.0%,6.0%,7.0%,9.0%,11.0%,12.0%,14.0%,14.0%,14.0%,14.0%,14.0%,14.0%
HK_AMM_A_min_25K_5%_max_150K_14%, $- , $6000 , $18000 , $25000 , $30000 , $40000 , $55000 , $70000 , $100000 , $150000 , $150000 , $150000 , $150000 , $150000 , $150000
,0%,0%,0%,5%,6%,7%,9%,11%,12%,14%,14.0%,14.0%,14.0%,14.0%,14.0%
HK_AMM_A_min_18K_5%_max_150K_14%, $- , $6000 , $18000 , $25000 , $30000 , $40000 , $55000 , $70000 , $100000 , $150000 , $150000 , $150000 , $150000 , $150000 , $150000
,0%,0%,5%,5%,6%,7%,9%,11%,12%,14%,14.0%,14.0%,14.0%,14.0%,14.0%
HK_AMM_A_min_60K_11%_max_120K_14%, $- , $10000 , $15000 , $20000 , $27000 , $35000 , $45000 , $60000 , $80000 , $120000 , $120000 , $120000 , $120000 , $120000 , $120000
,0.0%,0.0%,0.0%,0.0%,0.0%,0.0%,0.0%,11.0%,12.0%,14.0%,14.0%,14.0%,14.0%,14.0%,14.0%
HK_AMM_A_min_70K_11%_max_150K_14%, $- , $6000 , $18000 , $25000 , $30000 , $40000 , $55000 , $70000 , $100000 , $150000 , $150000 , $150000 , $150000 , $150000 , $150000
,0%,0%,0%,0%,0%,0%,0%,11%,12%,14%,14.0%,14.0%,14.0%,14.0%,14.0%
HK_AMM_A_min_150K_14%_max_150K_14%, $- , $10000 , $15000 , $20000 , $27000 , $35000 , $45000 , $60000 , $80000 , $150000 , $150000 , $150000 , $150000 , $150000 , $150000
,0.0%,0.0%,0.0%,0.0%,0.0%,0.0%,0.0%,0.0%,0.0%,14.0%,14.0%,14.0%,14.0%,14.0%,14.0%
HK_AMM_A_min_5K_4%_max_80K_14%, $- , $5000 , $10000 , $20000 , $40000 , $60000 , $80000 , $80000 , $80000 , $80000 , $80000 , $80000 , $80000 , $80000 , $80000
,0%,4%,6%,8%,10%,12%,14%,14%,14%,14%,14%,14%,14%,14%,14%
HK_AHD_Q_min_50_3%_max_1000_14%,0,50,120,180,240,300,360,500,750,1000,1000,1000,1000,1000,1000
,0%,2%,4%,5%,6%,7%,10%,12%,13%,14%,14.0%,14.0%,14.0%,14.0%,14.0%
HK_AHD_A_min_5K_2%_max_45K_10%, $- , $5000 , $15000 , $20000 , $27000 , $35000 , $45000 , $45000 , $45000 , $45000 , $45000 , $45000 , $45000 , $45000 , $45000
,0%,2%,4%,5%,6%,7%,10%,10.0%,10.0%,10.0%,10.0%,10.0%,10.0%,10.0%,10.0%
HK_AHD_A_min_5K_2%_max_120K_14%, $- , $5000 , $15000 , $20000 , $27000 , $35000 , $45000 , $60000 , $80000 , $120000 , $120000 , $120000 , $120000 , $120000 , $120000
,0%,2%,4%,5%,6%,7%,10%,12%,13%,14%,14.0%,14.0%,14.0%,14.0%,14.0%
HK_AHD_A_min_6K_2%_max_55K_10%, $- , $6000 , $18000 , $24000 , $32000 , $42000 , $55000 , $55000 , $55000 , $55000 , $55000 , $55000 , $55000 , $55000 , $55000
,0%,2%,3%,5%,6%,7%,10%,10.0%,10.0%,10.0%,10.0%,10.0%,10.0%,10.0%,10.0%
HK_AHD_A_min_6K_2%_max_150K_14%, $- , $6000 , $18000 , $24000 , $32000 , $42000 , $55000 , $75000 , $100000 , $150000 , $150000 , $150000 , $150000 , $150000 , $150000
,0%,2%,3%,5%,6%,7%,10%,12.0%,13.0%,14.0%,14.0%,14.0%,14.0%,14.0%,14.0%
HK_AHD_A_min_22K_2%_max_22K_2%, $- , $5000 , $15000 , $22000 , $22000 , $22000 , $22000 , $22000 , $22000 , $22000 , $22000 , $22000 , $22000 , $22000 , $22000
,0%,0%,0%,2%,2%,2%,2%,2%,2%,2%,2%,2%,2%,2%,2%
HK_AHD_A_min_5K_4%_max_80K_14%, $- , $5000 , $10000 , $20000 , $40000 , $60000 , $80000 , $80000 , $80000 , $80000 , $80000 , $80000 , $80000 , $80000 , $80000
,0%,4%,6%,8%,10%,12%,14%,14%,14%,14%,14%,14%,14%,14%,14%
HK_ATM_Q_min_50_2%_max_1000_14%,0,50,120,180,240,300,360,500,750,1000,1000,1000,1000,1000,1000
,0%,2%,4%,5%,6%,7%,10%,12%,13%,14%,14.0%,14.0%,14.0%,14.0%,14.0%
HK_ATM_Q_min_250_6%_max_1000_14%,0,250,300,360,500,750,1000,1000,1000,1000,1000,1000,1000,1000,1000
,0.0%,6.0%,7.0%,10.0%,12.0%,13.0%,14.0%,14.0%,14.0%,14.0%,14.0%,14.0%,14.0%,14.0%,14.0%
HK_ATM_A_min_27K_5%_max_95K_10%, $- , $27000 , $41000 , $55000 , $68000 , $81000 , $95000 , $95000 , $95000 , $95000 , $95000 , $95000 , $95000 , $95000 , $95000
,0%,5%,6%,7%,8%,9%,10%,10.0%,10.0%,10.0%,10.0%,10.0%,10.0%,10.0%,10.0%
HK_ATM_A_min_27K_5%_max_140K_14%, $- , $27000 , $41000 , $55000 , $68000 , $81000 , $95000 , $110000 , $125000 , $140000 , $140000 , $140000 , $140000 , $140000 , $140000
,0%,5%,6%,7%,8%,9%,10%,12%,13%,14%,14.0%,14.0%,14.0%,14.0%,14.0%
HK_ATM_A_min_30K_5%_max_170K_14%, $- , $30000 , $50000 , $65000 , $80000 , $95000 , $115000 , $130000 , $150000 , $170000 , $170000 , $170000 , $170000 , $170000 , $170000
,0%,5%,6%,7%,8%,9%,10%,12%,13%,14%,14%,14%,14%,14%,14%
HK_AMD_A_min_5K_2%_max_45K_10%, $- , $5000 , $15000 , $20000 , $27000 , $35000 , $45000 , $45000 , $45000 , $45000 , $45000 , $45000 , $45000 , $45000 , $45000
,0%,2%,4%,5%,6%,7%,10%,10.0%,10.0%,10.0%,10.0%,10.0%,10.0%,10.0%,10.0%
HK_AMD_A_min_27K_6%_max_120K_14%, $- , $15000 , $15000 , $20000 , $27000 , $45000 , $60000 , $80000 , $120000 , $120000 , $120000 , $120000 , $120000 , $120000 , $120000
,0%,0%,0%,0%,6%,10%,12%,13%,14%,14.0%,14.0%,14.0%,14.0%,14.0%,14.0%
HK_AMD_A_min_30K_6%_max_150K_14%, $- , $15000 , $15000 , $20000 , $30000 , $55000 , $70000 , $100000 , $150000 , $150000 , $150000 , $150000 , $150000 , $150000 , $150000
,0%,0%,0%,0%,6%,10%,12%,13%,14%,14.0%,14.0%,14.0%,14.0%,14.0%,14.0%
HK_ARR_A_min_6K_2%_max_150K_14%, $- , $6000 , $18000 , $24000 , $32000 , $42000 , $55000 , $75000 , $100000 , $150000 , $150000 , $150000 , $150000 , $150000 , $150000
,0%,2%,4%,5%,6%,7%,10%,12%,13%,14%,14.0%,14.0%,14.0%,14.0%,14.0%
HK_ARW_A_min_6K_2%_max_150K_14%, $- , $6000 , $18000 , $24000 , $32000 , $42000 , $55000 , $75000 , $100000 , $150000 , $150000 , $150000 , $150000 , $150000 , $150000
,0%,2%,4%,5%,6%,7%,10%,12%,13%,14%,14.0%,14.0%,14.0%,14.0%,14.0%
HK_ARW_A_min_30K_5%_max_170K_14%, $- , $30000 , $50000 , $65000 , $80000 , $95000 , $115000 , $130000 , $150000 , $170000 , $170000 , $170000 , $170000 , $170000 , $170000
,0%,5%,6%,7%,8%,9%,10%,12%,13%,14%,14%,14%,14%,14%,14%
HK_ATR_A_min_80K_5%_max_170K_10%, $- , $80000 , $95000 , $115000 , $130000 , $150000 , $170000 , $170000 , $170000 , $170000 , $170000 , $170000 , $170000 , $170000 , $170000
,0%,5%,6%,7%,8%,9%,10%,10%,10%,10%,10%,10%,10%,10%,10%
HK_TWG_A_min_2K_4%_max_30K_10%, $- , $2000 , $4000 , $7000 , $11000 , $14000 , $22000 , $30000 , $30000 , $30000 , $30000 , $30000 , $30000 , $30000 , $30000
,0%,4%,5%,6%,7%,8%,9%,10%,10%,10%,10%,10%,10%,10%,10%
HK_AMC_A_min_1200K_5%_max_3000K_10%, $- , $100000 , $300000 , $500000 , $750000 , $1000000 , $1500000 , $2000000 , $2500000 , $2500000 , $2500000 , $2500000 , $2500000 , $2500000 , $2500000
,0%,3%,4%,5%,6%,7%,8%,9%,10%,10%,10%,10%,10%,10%,10%
HK_RRS_A_min_20K_2%_max_140K_14%, $- , $20000 , $40000 , $60000 , $80000 , $100000 , $120000 , $140000 , $140000 , $140000 , $140000 , $140000 , $140000 , $140000 , $140000
,0%,2%,4%,6%,8%,10%,12%,14%,14%,14%,14%,14%,14%,14%,14%
HK_MTS_A_min_5K_3%_max_60K_12%, $- , $5000 , $10000 , $15000 , $20000 , $30000 , $40000 , $60000 , $60000 , $60000 , $60000 , $60000 , $60000 , $60000 , $60000
,0%,3%,4%,5%,6%,8%,10%,12%,12%,12%,12%,12%,12%,12%,12%
HK_ATL_Q_min_500_1%_max_5000_6%,0,500,1000,2000,3000,5000,5000,5000,5000,5000,5000,5000,5000,5000,5000
,0%,1%,2%,3%,4%,6%,6%,6%,6%,6%,6%,6%,6%,6%,6%
HK_GOL_A_min_3K_5%_max_60K_13%, $- , $3000 , $10000 , $15000 , $20000 , $30000 , $40000 , $60000 , $60000 , $60000 , $60000 , $60000 , $60000 , $60000 , $60000
,0%,5%,6%,7%,8%,9%,11%,13%,13%,13%,13%,13%,13%,13%,13%
HK_DIA_A_min_40K_11%_max_140K_15%, $- , $40000 , $60000 , $100000 , $140000 , $140000 , $140000 , $140000 , $140000 , $140000 , $140000 , $140000 , $140000 , $140000 , $140000
,0%,11%,13%,14%,15%,15%,15%,15%,15%,15%,15%,15%,15%,15%,15%
HK_QFR_A_min_20K_8%_max_140K_15%, $- , $20000 , $40000 , $60000 , $100000 , $140000 , $140000 , $140000 , $140000 , $140000 , $140000 , $140000 , $140000 , $140000 , $140000
,0%,8%,11%,13%,14%,15%,15%,15%,15%,15%,15%,15%,15%,15%,15%
HK_DLR_A_min_20K_16%_max_140K_16%, $- , $20000 , $40000 , $60000 , $100000 , $140000 , $140000 , $140000 , $140000 , $140000 , $140000 , $140000 , $140000 , $140000 , $140000
,0%,16%,16%,16%,16%,16%,16%,16%,16%,16%,16%,16%,16%,16%,16%
LF_AHD_Q_min_25_3%_max_200_8%,0,25,50,75,100,150,200,200,200,200,200,200,200,200,200
,0%,3%,4%,5%,6%,7%,8%,8.0%,8.0%,8.0%,8.0%,8.0%,8.0%,8.0%,8.0%
LF_AHD_Q_min_25_3%_max_400_12%,0,25,50,75,100,150,200,250,300,350,400,400,400,400,400
,0%,3%,4%,5%,6%,7%,8%,9%,10%,11%,12%,12.0%,12.0%,12.0%,12.0%
LF_AMM_Q_min_25_3%_max_400_12%,0,25,50,75,100,150,200,250,300,350,400,400,400,400,400
,0%,3%,4%,5%,6%,7%,8%,9%,10%,11%,12%,12.0%,12.0%,12.0%,12.0%
LF_AMM_A_min_1K_1%_max_10K_10%, $- , $1000 , $2000 , $3000 , $4000 , $5000 , $6000 , $7000 , $8000 , $9000 , $10000 , $10000 , $10000 , $10000 , $10000
,0%,1%,2%,3%,3%,5%,6%,6%,6%,9%,10%,10.0%,10.0%,10.0%,10.0%
LF_AMM_A_min_1K_1%_max_12K_10%, $- , $1000 , $2000 , $4000 , $5000 , $6000 , $7000 , $8000 , $10000 , $11000 , $12000 , $12000 , $12000 , $12000 , $12000
,0%,1%,2%,3%,4%,5%,6%,7%,8%,9%,10%,10.0%,10.0%,10.0%,10.0%
LF_ATM_A_min_1K_1%_max_12K_10%, $- , $1000 , $2000 , $4000 , $5000 , $6000 , $7000 , $8000 , $10000 , $11000 , $12000 , $12000 , $12000 , $12000 , $12000
,0%,1%,2%,3%,4%,5%,6%,7%,8%,9%,10%,10.0%,10.0%,10.0%,10.0%
LF_AHD_A_min_3K_3%_max_10K_10%, $- , $1000 , $2000 , $3000 , $4000 , $5000 , $6000 , $7000 , $8000 , $9000 , $10000 , $10000 , $10000 , $10000 , $10000
,0%,0%,0%,3%,3%,5%,6%,6%,6%,9%,10%,10.0%,10.0%,10.0%,10.0%
LF_AHD_A_min_4K_3%_max_12K_10%, $- , $1000 , $2000 , $4000 , $5000 , $6000 , $7000 , $8000 , $10000 , $11000 , $12000 , $12000 , $12000 , $12000 , $12000
,0%,0%,0%,3%,3%,5%,6%,6%,6%,9%,10%,10.0%,10.0%,10.0%,10.0%
LF_AHD_A_min_1K_1%_max_12K_10%, $- , $1000 , $2000 , $4000 , $5000 , $6000 , $7000 , $8000 , $10000 , $11000 , $12000 , $12000 , $12000 , $12000 , $12000
,0%,1%,2%,3%,4%,5%,6%,7%,8%,9%,10%,10.0%,10.0%,10.0%,10.0%
LF_ARR_A_min_4K_3%_max_12K_10%, $- , $1000 , $2000 , $4000 , $5000 , $6000 , $7000 , $8000 , $10000 , $11000 , $12000 , $12000 , $12000 , $12000 , $12000
,0%,0%,0%,3%,3%,5%,6%,6%,6%,9%,10%,10.0%,10.0%,10.0%,10.0%
LF_ARW_A_min_4K_3%_max_12K_10%, $- , $1000 , $2000 , $4000 , $5000 , $6000 , $7000 , $8000 , $10000 , $11000 , $12000 , $12000 , $12000 , $12000 , $12000
,0%,0%,0%,3%,3%,5%,6%,6%,6%,9%,10%,10.0%,10.0%,10.0%,10.0%
LF_ACD_A_min_1K_1%_max_7K_6%, $- , $1000 , $2000 , $4000 , $5000 , $6000 , $7000 , $7000 , $7000 , $7000 , $7000 , $7000 , $7000 , $7000 , $7000
,0%,1%,2%,3%,4%,5%,6%,6%,6%,6%,6%,6.0%,6.0%,6.0%,6.0%
LF_TWG_A_min_2K_4%_max_30K_10%, $- , $2000 , $4000 , $7000 , $11000 , $14000 , $22000 , $30000 , $30000 , $30000 , $30000 , $30000 , $30000 , $30000 , $30000
,0%,4%,5%,6%,7%,8%,9%,10%,10%,10%,10%,10%,10%,10%,10%
LF_RRS_A_min_2K_4%_max_12K_10%, $- , $2000 , $4000 , $6000 , $8000 , $12000 , $12000 , $12000 , $12000 , $12000 , $12000 , $12000 , $12000 , $12000 , $12000
,0%,2%,4%,6%,8%,10%,10%,10%,10%,10%,10%,10%,10%,10%,10%
LF_MTS_A_min_2K_4%_max_12K_10%, $- , $2000 , $4000 , $6000 , $8000 , $12000 , $12000 , $12000 , $12000 , $12000 , $12000 , $12000 , $12000 , $12000 , $12000
,0%,2%,4%,6%,8%,10%,10%,10%,10%,10%,10%,10%,10%,10%,10%
LF_GOL_A_min_2K_2%_max_12K_10%, $- , $2000 , $4000 , $6000 , $8000 , $12000 , $12000 , $12000 , $12000 , $12000 , $12000 , $12000 , $12000 , $12000 , $12000
,0%,2%,4%,6%,8%,10%,10%,10%,10%,10%,10%,10%,10%,10%,10%
LF_DIA_A_min_2K_4%_max_12K_10%, $- , $2000 , $4000 , $6000 , $8000 , $12000 , $12000 , $12000 , $12000 , $12000 , $12000 , $12000 , $12000 , $12000 , $12000
,0%,2%,4%,6%,8%,10%,10%,10%,10%,10%,10%,10%,10%,10%,10%
LF_AJT_A_min_5K_2%_max_10K_5%,0, $5000 , $7500 , $8500 , $10000 , $10000 , $10000 , $10000 , $10000 , $10000 , $10000 , $10000 , $10000 , $10000 , $10000
,0.0%,2.0%,3.0%,4.0%,5.0%,5.0%,5.0%,5.0%,5.0%,5.0%,5.0%,5.0%,5.0%,5.0%,5.0%
