Sold-to,(TTL) SR_Rebate_Code,(HK) SR_Rebate_Code,(LF) SR_Rebate_Code
735364,,HK_ABJ_Q_min_51_4%_max_101_6%,
A015121,,HK_ACD_A_min_6K_3%_max_21K_6%,LF_ACD_A_min_1K_1%_max_7K_6%
730914,AL_ACM_A_min_2.5K_8%_max_20K_13%,,
A002744,AL_ACM_A_min_2.5K_8%_max_20K_13%,,
A004218,AL_ACM_A_min_2.5K_8%_max_20K_13%,,
A004237,AL_ACM_Q_min_25_8%_max_200_13%,,
A005811,AL_ACM_Q_min_25_8%_max_200_13%,,
A009492,AL_ACM_Q_min_25_8%_max_200_13%,,
A010947,AL_ACM_A_min_2.5K_8%_max_20K_13%,,
A014075,AL_ACM_A_min_2.5K_8%_max_20K_13%,,
A018754,,HK_TWG_A_min_2K_4%_max_30K_10%,LF_TWG_A_min_2K_4%_max_30K_10%
A018755,,HK_TWG_A_min_2K_4%_max_30K_10%,LF_TWG_A_min_2K_4%_max_30K_10%
A018756,,HK_TWG_A_min_2K_4%_max_30K_10%,LF_TWG_A_min_2K_4%_max_30K_10%
A018885,,HK_TWG_A_min_2K_4%_max_30K_10%,LF_TWG_A_min_2K_4%_max_30K_10%
A019091,,HK_TWG_A_min_2K_4%_max_30K_10%,LF_TWG_A_min_2K_4%_max_30K_10%
A019135,,HK_TWG_A_min_2K_4%_max_30K_10%,LF_TWG_A_min_2K_4%_max_30K_10%
A018891,,HK_ACM_Q_min_10_3%_max_50_7%,
A018891,AL_BNZ_Q_min_2K_4%_max_30K_10%,,
724265,,HK_GOL_A_min_3K_5%_max_60K_13%,LF_GOL_A_min_2K_2%_max_12K_10%
724298,,HK_GOL_A_min_3K_5%_max_60K_13%,LF_GOL_A_min_2K_2%_max_12K_10%
724301,,HK_MTS_A_min_5K_3%_max_60K_12%,LF_MTS_A_min_2K_4%_max_12K_10%
724322,,HK_GOL_A_min_3K_5%_max_60K_13%,LF_GOL_A_min_2K_2%_max_12K_10%
724379,,HK_GOL_A_min_3K_5%_max_60K_13%,LF_GOL_A_min_2K_2%_max_12K_10%
724380,,HK_GOL_A_min_3K_5%_max_60K_13%,LF_GOL_A_min_2K_2%_max_12K_10%
724398,,HK_MTS_A_min_5K_3%_max_60K_12%,LF_MTS_A_min_2K_4%_max_12K_10%
724410,,HK_GOL_A_min_3K_5%_max_60K_13%,LF_GOL_A_min_2K_2%_max_12K_10%
724577,,HK_GOL_A_min_3K_5%_max_60K_13%,LF_GOL_A_min_2K_2%_max_12K_10%
725203,,HK_GOL_A_min_3K_5%_max_60K_13%,LF_GOL_A_min_2K_2%_max_12K_10%
727908,,HK_GOL_A_min_3K_5%_max_60K_13%,LF_GOL_A_min_2K_2%_max_12K_10%
728289,,HK_GOL_A_min_3K_5%_max_60K_13%,LF_GOL_A_min_2K_2%_max_12K_10%
729020,,HK_MTS_A_min_5K_3%_max_60K_12%,LF_MTS_A_min_2K_4%_max_12K_10%
729723,,HK_GOL_A_min_3K_5%_max_60K_13%,LF_GOL_A_min_2K_2%_max_12K_10%
730273,,HK_GOL_A_min_3K_5%_max_60K_13%,LF_GOL_A_min_2K_2%_max_12K_10%
731641,,HK_GOL_A_min_3K_5%_max_60K_13%,LF_GOL_A_min_2K_2%_max_12K_10%
731715,,HK_GOL_A_min_3K_5%_max_60K_13%,LF_GOL_A_min_2K_2%_max_12K_10%
731976,,HK_GOL_A_min_3K_5%_max_60K_13%,LF_GOL_A_min_2K_2%_max_12K_10%
731996,,HK_GOL_A_min_3K_5%_max_60K_13%,LF_GOL_A_min_2K_2%_max_12K_10%
732316,,HK_MTS_A_min_5K_3%_max_60K_12%,LF_MTS_A_min_2K_4%_max_12K_10%
732356,,HK_GOL_A_min_3K_5%_max_60K_13%,LF_GOL_A_min_2K_2%_max_12K_10%
732426,,HK_GOL_A_min_3K_5%_max_60K_13%,LF_GOL_A_min_2K_2%_max_12K_10%
732451,,HK_GOL_A_min_3K_5%_max_60K_13%,LF_GOL_A_min_2K_2%_max_12K_10%
732458,,HK_GOL_A_min_3K_5%_max_60K_13%,LF_GOL_A_min_2K_2%_max_12K_10%
732643,,HK_GOL_A_min_3K_5%_max_60K_13%,LF_GOL_A_min_2K_2%_max_12K_10%
732762,,HK_GOL_A_min_3K_5%_max_60K_13%,LF_GOL_A_min_2K_2%_max_12K_10%
732868,,HK_GOL_A_min_3K_5%_max_60K_13%,LF_GOL_A_min_2K_2%_max_12K_10%
733197,,HK_GOL_A_min_3K_5%_max_60K_13%,LF_GOL_A_min_2K_2%_max_12K_10%
733416,,HK_GOL_A_min_3K_5%_max_60K_13%,LF_GOL_A_min_2K_2%_max_12K_10%
734210,,HK_GOL_A_min_3K_5%_max_60K_13%,LF_GOL_A_min_2K_2%_max_12K_10%
734834,,HK_GOL_A_min_3K_5%_max_60K_13%,LF_GOL_A_min_2K_2%_max_12K_10%
734903,,HK_GOL_A_min_3K_5%_max_60K_13%,LF_GOL_A_min_2K_2%_max_12K_10%
735189,,HK_GOL_A_min_3K_5%_max_60K_13%,LF_GOL_A_min_2K_2%_max_12K_10%
736105,,HK_MTS_A_min_5K_3%_max_60K_12%,LF_MTS_A_min_2K_4%_max_12K_10%
736139,,HK_AHD_A_min_5K_2%_max_45K_10%,LF_AHD_A_min_3K_3%_max_10K_10%
736187,,HK_GOL_A_min_3K_5%_max_60K_13%,LF_GOL_A_min_2K_2%_max_12K_10%
736242,,HK_GOL_A_min_3K_5%_max_60K_13%,LF_GOL_A_min_2K_2%_max_12K_10%
736362,,HK_GOL_A_min_3K_5%_max_60K_13%,LF_GOL_A_min_2K_2%_max_12K_10%
736525,,HK_GOL_A_min_3K_5%_max_60K_13%,LF_GOL_A_min_2K_2%_max_12K_10%
736532,,HK_GOL_A_min_3K_5%_max_60K_13%,LF_GOL_A_min_2K_2%_max_12K_10%
736634,,HK_GOL_A_min_3K_5%_max_60K_13%,LF_GOL_A_min_2K_2%_max_12K_10%
737246,,HK_GOL_A_min_3K_5%_max_60K_13%,LF_GOL_A_min_2K_2%_max_12K_10%
737616,,HK_GOL_A_min_3K_5%_max_60K_13%,LF_GOL_A_min_2K_2%_max_12K_10%
737817,,HK_GOL_A_min_3K_5%_max_60K_13%,LF_GOL_A_min_2K_2%_max_12K_10%
738529,,HK_AHD_A_min_6K_2%_max_150K_14%,LF_AHD_A_min_4K_3%_max_12K_10%
739205,,HK_GOL_A_min_3K_5%_max_60K_13%,LF_GOL_A_min_2K_2%_max_12K_10%
739519,,HK_GOL_A_min_3K_5%_max_60K_13%,LF_GOL_A_min_2K_2%_max_12K_10%
739535,,HK_GOL_A_min_3K_5%_max_60K_13%,LF_GOL_A_min_2K_2%_max_12K_10%
742268,,HK_GOL_A_min_3K_5%_max_60K_13%,LF_GOL_A_min_2K_2%_max_12K_10%
742364,,HK_GOL_A_min_3K_5%_max_60K_13%,LF_GOL_A_min_2K_2%_max_12K_10%
742667,,HK_GOL_A_min_3K_5%_max_60K_13%,LF_GOL_A_min_2K_2%_max_12K_10%
A000037,,HK_GOL_A_min_3K_5%_max_60K_13%,LF_GOL_A_min_2K_2%_max_12K_10%
A000430,,HK_MTS_A_min_5K_3%_max_60K_12%,LF_MTS_A_min_2K_4%_max_12K_10%
A001494,,HK_GOL_A_min_3K_5%_max_60K_13%,LF_GOL_A_min_2K_2%_max_12K_10%
A001641,,HK_GOL_A_min_3K_5%_max_60K_13%,LF_GOL_A_min_2K_2%_max_12K_10%
A004109,,HK_GOL_A_min_3K_5%_max_60K_13%,LF_GOL_A_min_2K_2%_max_12K_10%
A005553,,HK_GOL_A_min_3K_5%_max_60K_13%,LF_GOL_A_min_2K_2%_max_12K_10%
A005846,,HK_MTS_A_min_5K_3%_max_60K_12%,LF_MTS_A_min_2K_4%_max_12K_10%
A006776,,HK_GOL_A_min_3K_5%_max_60K_13%,LF_GOL_A_min_2K_2%_max_12K_10%
A007188,,HK_GOL_A_min_3K_5%_max_60K_13%,LF_GOL_A_min_2K_2%_max_12K_10%
A007192,,HK_GOL_A_min_3K_5%_max_60K_13%,LF_GOL_A_min_2K_2%_max_12K_10%
A007335,,HK_GOL_A_min_3K_5%_max_60K_13%,LF_GOL_A_min_2K_2%_max_12K_10%
A007888,,HK_GOL_A_min_3K_5%_max_60K_13%,LF_GOL_A_min_2K_2%_max_12K_10%
A008086,,HK_GOL_A_min_3K_5%_max_60K_13%,LF_GOL_A_min_2K_2%_max_12K_10%
A008223,,HK_MTS_A_min_5K_3%_max_60K_12%,LF_MTS_A_min_2K_4%_max_12K_10%
A008364,,HK_GOL_A_min_3K_5%_max_60K_13%,LF_GOL_A_min_2K_2%_max_12K_10%
A008418,,HK_GOL_A_min_3K_5%_max_60K_13%,LF_GOL_A_min_2K_2%_max_12K_10%
A008493,,HK_AHD_Q_min_50_3%_max_1000_14%,LF_AHD_Q_min_25_3%_max_400_12%
A008667,,HK_GOL_A_min_3K_5%_max_60K_13%,LF_GOL_A_min_2K_2%_max_12K_10%
A008840,,HK_GOL_A_min_3K_5%_max_60K_13%,LF_GOL_A_min_2K_2%_max_12K_10%
A009007,,HK_GOL_A_min_3K_5%_max_60K_13%,LF_GOL_A_min_2K_2%_max_12K_10%
A009613,,HK_GOL_A_min_3K_5%_max_60K_13%,LF_GOL_A_min_2K_2%_max_12K_10%
A009718,,HK_GOL_A_min_3K_5%_max_60K_13%,LF_GOL_A_min_2K_2%_max_12K_10%
A010645,,HK_GOL_A_min_3K_5%_max_60K_13%,LF_GOL_A_min_2K_2%_max_12K_10%
A010721,,HK_GOL_A_min_3K_5%_max_60K_13%,LF_GOL_A_min_2K_2%_max_12K_10%
A010918,,HK_GOL_A_min_3K_5%_max_60K_13%,LF_GOL_A_min_2K_2%_max_12K_10%
A011113,,HK_GOL_A_min_3K_5%_max_60K_13%,LF_GOL_A_min_2K_2%_max_12K_10%
A011634,,HK_GOL_A_min_3K_5%_max_60K_13%,LF_GOL_A_min_2K_2%_max_12K_10%
A012016,,HK_GOL_A_min_3K_5%_max_60K_13%,LF_GOL_A_min_2K_2%_max_12K_10%
A012094,,HK_GOL_A_min_3K_5%_max_60K_13%,LF_GOL_A_min_2K_2%_max_12K_10%
A012113,,HK_MTS_A_min_5K_3%_max_60K_12%,LF_MTS_A_min_2K_4%_max_12K_10%
A012312,,HK_GOL_A_min_3K_5%_max_60K_13%,LF_GOL_A_min_2K_2%_max_12K_10%
A012400,,HK_GOL_A_min_3K_5%_max_60K_13%,LF_GOL_A_min_2K_2%_max_12K_10%
A012875,,HK_MTS_A_min_5K_3%_max_60K_12%,LF_MTS_A_min_2K_4%_max_12K_10%
A013090,,HK_GOL_A_min_3K_5%_max_60K_13%,LF_GOL_A_min_2K_2%_max_12K_10%
A013398,,HK_GOL_A_min_3K_5%_max_60K_13%,LF_GOL_A_min_2K_2%_max_12K_10%
A013547,,HK_GOL_A_min_3K_5%_max_60K_13%,LF_GOL_A_min_2K_2%_max_12K_10%
A013560,,HK_GOL_A_min_3K_5%_max_60K_13%,LF_GOL_A_min_2K_2%_max_12K_10%
A013574,,HK_GOL_A_min_3K_5%_max_60K_13%,LF_GOL_A_min_2K_2%_max_12K_10%
A013576,,HK_GOL_A_min_3K_5%_max_60K_13%,LF_GOL_A_min_2K_2%_max_12K_10%
A013829,,HK_GOL_A_min_3K_5%_max_60K_13%,LF_GOL_A_min_2K_2%_max_12K_10%
A014267,,HK_GOL_A_min_3K_5%_max_60K_13%,LF_GOL_A_min_2K_2%_max_12K_10%
A014439,,HK_GOL_A_min_3K_5%_max_60K_13%,LF_GOL_A_min_2K_2%_max_12K_10%
A014440,,HK_AHD_A_min_5K_4%_max_80K_14%,LF_AHD_A_min_1K_1%_max_12K_10%
A014561,,HK_AHD_A_min_5K_2%_max_45K_10%,LF_AHD_A_min_3K_3%_max_10K_10%
A014585,,HK_GOL_A_min_3K_5%_max_60K_13%,LF_GOL_A_min_2K_2%_max_12K_10%
A014789,,HK_QFR_A_min_20K_8%_max_140K_15%,LF_GOL_A_min_2K_2%_max_12K_10%
A015161,,HK_GOL_A_min_3K_5%_max_60K_13%,LF_GOL_A_min_2K_2%_max_12K_10%
A015180,,HK_GOL_A_min_3K_5%_max_60K_13%,LF_GOL_A_min_2K_2%_max_12K_10%
A015359,,HK_GOL_A_min_3K_5%_max_60K_13%,LF_GOL_A_min_2K_2%_max_12K_10%
A015551,,HK_MTS_A_min_5K_3%_max_60K_12%,LF_MTS_A_min_2K_4%_max_12K_10%
A015720,,HK_GOL_A_min_3K_5%_max_60K_13%,LF_GOL_A_min_2K_2%_max_12K_10%
A015932,,HK_GOL_A_min_3K_5%_max_60K_13%,LF_GOL_A_min_2K_2%_max_12K_10%
A016464,,HK_GOL_A_min_3K_5%_max_60K_13%,LF_GOL_A_min_2K_2%_max_12K_10%
A016649,,HK_GOL_A_min_3K_5%_max_60K_13%,LF_GOL_A_min_2K_2%_max_12K_10%
A016713,,HK_GOL_A_min_3K_5%_max_60K_13%,LF_GOL_A_min_2K_2%_max_12K_10%
A016848,,HK_MTS_A_min_5K_3%_max_60K_12%,LF_MTS_A_min_2K_4%_max_12K_10%
A017115,,HK_GOL_A_min_3K_5%_max_60K_13%,LF_GOL_A_min_2K_2%_max_12K_10%
A018751,,HK_GOL_A_min_3K_5%_max_60K_13%,LF_GOL_A_min_2K_2%_max_12K_10%
A019290,,HK_APP_A_min_5K_3%_max_17.5K_10%,
A019313,,HK_MTS_A_min_5K_3%_max_60K_12%,LF_MTS_A_min_2K_4%_max_12K_10%
A019314,,HK_GOL_A_min_3K_5%_max_60K_13%,LF_GOL_A_min_2K_2%_max_12K_10%
A019549,,HK_GOL_A_min_3K_5%_max_60K_13%,LF_GOL_A_min_2K_2%_max_12K_10%
A019598,,HK_MTS_A_min_5K_3%_max_60K_12%,LF_MTS_A_min_2K_4%_max_12K_10%
A019777,,HK_GOL_A_min_3K_5%_max_60K_13%,LF_GOL_A_min_2K_2%_max_12K_10%
A020881,,HK_GOL_A_min_3K_5%_max_60K_13%,LF_GOL_A_min_2K_2%_max_12K_10%
A020888,,HK_GOL_A_min_3K_5%_max_60K_13%,LF_GOL_A_min_2K_2%_max_12K_10%
A020965,,HK_AHD_A_min_6K_2%_max_150K_14%,LF_AHD_A_min_4K_3%_max_12K_10%
A020968,,HK_GOL_A_min_3K_5%_max_60K_13%,LF_GOL_A_min_2K_2%_max_12K_10%
A021326,,HK_GOL_A_min_3K_5%_max_60K_13%,LF_GOL_A_min_2K_2%_max_12K_10%
A021402,,HK_GOL_A_min_3K_5%_max_60K_13%,LF_GOL_A_min_2K_2%_max_12K_10%
A021403,,HK_GOL_A_min_3K_5%_max_60K_13%,LF_GOL_A_min_2K_2%_max_12K_10%
A021460,,HK_GOL_A_min_3K_5%_max_60K_13%,LF_GOL_A_min_2K_2%_max_12K_10%
A021490,,HK_GOL_A_min_3K_5%_max_60K_13%,LF_GOL_A_min_2K_2%_max_12K_10%
A021613,,HK_GOL_A_min_3K_5%_max_60K_13%,LF_GOL_A_min_2K_2%_max_12K_10%
A021635,,HK_GOL_A_min_3K_5%_max_60K_13%,LF_GOL_A_min_2K_2%_max_12K_10%
A021758,,HK_GOL_A_min_3K_5%_max_60K_13%,LF_GOL_A_min_2K_2%_max_12K_10%
A021759,,HK_GOL_A_min_3K_5%_max_60K_13%,LF_GOL_A_min_2K_2%_max_12K_10%
A021806,,HK_AHD_A_min_6K_2%_max_150K_14%,LF_AHD_A_min_4K_3%_max_12K_10%
A021820,,HK_MTS_A_min_5K_3%_max_60K_12%,LF_MTS_A_min_2K_4%_max_12K_10%
A021925,,HK_GOL_A_min_3K_5%_max_60K_13%,LF_GOL_A_min_2K_2%_max_12K_10%
A021948,,HK_MTS_A_min_5K_3%_max_60K_12%,LF_MTS_A_min_2K_4%_max_12K_10%
A022014,,HK_MTS_A_min_5K_3%_max_60K_12%,LF_MTS_A_min_2K_4%_max_12K_10%
A022113,,HK_GOL_A_min_3K_5%_max_60K_13%,LF_GOL_A_min_2K_2%_max_12K_10%
A022186,,HK_GOL_A_min_3K_5%_max_60K_13%,LF_GOL_A_min_2K_2%_max_12K_10%
A022194,,HK_MTS_A_min_5K_3%_max_60K_12%,LF_MTS_A_min_2K_4%_max_12K_10%
A022253,,HK_GOL_A_min_3K_5%_max_60K_13%,LF_GOL_A_min_2K_2%_max_12K_10%
A022257,,HK_GOL_A_min_3K_5%_max_60K_13%,LF_GOL_A_min_2K_2%_max_12K_10%
A022297,,HK_GOL_A_min_3K_5%_max_60K_13%,LF_GOL_A_min_2K_2%_max_12K_10%
A022298,,HK_GOL_A_min_3K_5%_max_60K_13%,LF_GOL_A_min_2K_2%_max_12K_10%
A022405,,HK_GOL_A_min_3K_5%_max_60K_13%,LF_GOL_A_min_2K_2%_max_12K_10%
A022426,,HK_GOL_A_min_3K_5%_max_60K_13%,LF_GOL_A_min_2K_2%_max_12K_10%
A022501,,HK_GOL_A_min_3K_5%_max_60K_13%,LF_GOL_A_min_2K_2%_max_12K_10%
A022537,,HK_GOL_A_min_3K_5%_max_60K_13%,LF_GOL_A_min_2K_2%_max_12K_10%
A022540,,HK_GOL_A_min_3K_5%_max_60K_13%,LF_GOL_A_min_2K_2%_max_12K_10%
A022604,,HK_GOL_A_min_3K_5%_max_60K_13%,LF_GOL_A_min_2K_2%_max_12K_10%
A022738,,HK_GOL_A_min_3K_5%_max_60K_13%,LF_GOL_A_min_2K_2%_max_12K_10%
A022876,,HK_GOL_A_min_3K_5%_max_60K_13%,LF_GOL_A_min_2K_2%_max_12K_10%
A022996,,HK_GOL_A_min_3K_5%_max_60K_13%,LF_GOL_A_min_2K_2%_max_12K_10%
A023302,,HK_GOL_A_min_3K_5%_max_60K_13%,LF_GOL_A_min_2K_2%_max_12K_10%
A023386,,HK_GOL_A_min_3K_5%_max_60K_13%,LF_GOL_A_min_2K_2%_max_12K_10%
A023461,,HK_GOL_A_min_3K_5%_max_60K_13%,LF_GOL_A_min_2K_2%_max_12K_10%
A024640,,HK_MTS_A_min_5K_3%_max_60K_12%,LF_MTS_A_min_2K_4%_max_12K_10%
A024643,,HK_GOL_A_min_3K_5%_max_60K_13%,LF_GOL_A_min_2K_2%_max_12K_10%
A024947,,HK_GOL_A_min_3K_5%_max_60K_13%,LF_GOL_A_min_2K_2%_max_12K_10%
A025306,,HK_GOL_A_min_3K_5%_max_60K_13%,LF_GOL_A_min_2K_2%_max_12K_10%
A025466,,HK_GOL_A_min_3K_5%_max_60K_13%,LF_GOL_A_min_2K_2%_max_12K_10%
A026640,,HK_DIA_A_min_40K_11%_max_140K_15%,LF_DIA_A_min_2K_2%_max_12K_10%
A026810,,HK_GOL_A_min_3K_5%_max_60K_13%,LF_GOL_A_min_2K_2%_max_12K_10%
A027140,,HK_GOL_A_min_3K_5%_max_60K_13%,LF_GOL_A_min_2K_2%_max_12K_10%
A027178,,HK_GOL_A_min_3K_5%_max_60K_13%,LF_GOL_A_min_2K_2%_max_12K_10%
A027321,,HK_GOL_A_min_3K_5%_max_60K_13%,LF_GOL_A_min_2K_2%_max_12K_10%
A027322,,HK_MTS_A_min_5K_3%_max_60K_12%,LF_MTS_A_min_2K_4%_max_12K_10%
A027501,,HK_GOL_A_min_3K_5%_max_60K_13%,LF_GOL_A_min_2K_2%_max_12K_10%
A027563,,HK_GOL_A_min_3K_5%_max_60K_13%,LF_GOL_A_min_2K_2%_max_12K_10%
A027589,,HK_MTS_A_min_5K_3%_max_60K_12%,LF_MTS_A_min_2K_4%_max_12K_10%
A027647,,HK_GOL_A_min_3K_5%_max_60K_13%,LF_GOL_A_min_2K_2%_max_12K_10%
A027673,,HK_GOL_A_min_3K_5%_max_60K_13%,LF_GOL_A_min_2K_2%_max_12K_10%
A027724,,HK_MTS_A_min_5K_3%_max_60K_12%,LF_MTS_A_min_2K_4%_max_12K_10%
A028006,,HK_GOL_A_min_3K_5%_max_60K_13%,LF_GOL_A_min_2K_2%_max_12K_10%
A028110,,HK_GOL_A_min_3K_5%_max_60K_13%,LF_GOL_A_min_2K_2%_max_12K_10%
A028385,,HK_MTS_A_min_5K_3%_max_60K_12%,LF_MTS_A_min_2K_4%_max_12K_10%
A028478,,HK_MTS_A_min_5K_3%_max_60K_12%,LF_MTS_A_min_2K_4%_max_12K_10%
A028494,,HK_MTS_A_min_5K_3%_max_60K_12%,LF_MTS_A_min_2K_4%_max_12K_10%
A028608,,HK_MTS_A_min_5K_3%_max_60K_12%,LF_MTS_A_min_2K_4%_max_12K_10%
A028674,,HK_MTS_A_min_5K_3%_max_60K_12%,LF_MTS_A_min_2K_4%_max_12K_10%
A028726,,HK_GOL_A_min_3K_5%_max_60K_13%,LF_GOL_A_min_2K_2%_max_12K_10%
A028789,,HK_MTS_A_min_5K_3%_max_60K_12%,LF_MTS_A_min_2K_4%_max_12K_10%
A028847,,HK_GOL_A_min_3K_5%_max_60K_13%,LF_GOL_A_min_2K_2%_max_12K_10%
A029689,,HK_GOL_A_min_3K_5%_max_60K_13%,LF_GOL_A_min_2K_2%_max_12K_10%
A029906,,HK_GOL_A_min_3K_5%_max_60K_13%,LF_GOL_A_min_2K_2%_max_12K_10%
A030038,,HK_GOL_A_min_3K_5%_max_60K_13%,LF_GOL_A_min_2K_2%_max_12K_10%
A030058,,HK_GOL_A_min_3K_5%_max_60K_13%,LF_GOL_A_min_2K_2%_max_12K_10%
A030091,,HK_GOL_A_min_3K_5%_max_60K_13%,LF_GOL_A_min_2K_2%_max_12K_10%
A030220,,HK_GOL_A_min_3K_5%_max_60K_13%,LF_GOL_A_min_2K_2%_max_12K_10%
A030222,,HK_GOL_A_min_3K_5%_max_60K_13%,LF_GOL_A_min_2K_2%_max_12K_10%
A030226,,HK_GOL_A_min_3K_5%_max_60K_13%,LF_GOL_A_min_2K_2%_max_12K_10%
731942,,HK_AJT_Q_min_50_4%_max_300_10%,
739199,,HK_AMD_A_min_27K_6%_max_120K_14%,
A020943,,HK_AMC_A_min_1200K_5%_max_3000K_10%,
731830,,HK_GOL_A_min_3K_5%_max_60K_13%,LF_GOL_A_min_2K_2%_max_12K_10%
733418,,HK_GOL_A_min_3K_5%_max_60K_13%,LF_GOL_A_min_2K_2%_max_12K_10%
A012407,,HK_AMD_A_min_27K_6%_max_120K_14%,
A012745,,HK_GOL_A_min_3K_5%_max_60K_13%,LF_GOL_A_min_2K_2%_max_12K_10%
A016899,,HK_AMD_A_min_30K_6%_max_150K_14%,
728762,,HK_GOL_A_min_3K_5%_max_60K_13%,LF_GOL_A_min_2K_2%_max_12K_10%
731634,,HK_GOL_A_min_3K_5%_max_60K_13%,LF_GOL_A_min_2K_2%_max_12K_10%
731932,,HK_DIA_A_min_40K_11%_max_140K_15%,LF_DIA_A_min_2K_2%_max_12K_10%
732162,,HK_GOL_A_min_3K_5%_max_60K_13%,LF_GOL_A_min_2K_2%_max_12K_10%
732247,,HK_GOL_A_min_3K_5%_max_60K_13%,LF_GOL_A_min_2K_2%_max_12K_10%
732317,,HK_GOL_A_min_3K_5%_max_60K_13%,LF_GOL_A_min_2K_2%_max_12K_10%
732485,,HK_GOL_A_min_3K_5%_max_60K_13%,LF_GOL_A_min_2K_2%_max_12K_10%
733527,,HK_GOL_A_min_3K_5%_max_60K_13%,LF_GOL_A_min_2K_2%_max_12K_10%
736501,,HK_GOL_A_min_3K_5%_max_60K_13%,LF_GOL_A_min_2K_2%_max_12K_10%
A005468,,HK_GOL_A_min_3K_5%_max_60K_13%,LF_GOL_A_min_2K_2%_max_12K_10%
A008712,,HK_GOL_A_min_3K_5%_max_60K_13%,LF_GOL_A_min_2K_2%_max_12K_10%
A010646,,HK_GOL_A_min_3K_5%_max_60K_13%,LF_GOL_A_min_2K_2%_max_12K_10%
A012015,,HK_GOL_A_min_3K_5%_max_60K_13%,LF_GOL_A_min_2K_2%_max_12K_10%
A012112,,HK_DIA_A_min_40K_11%_max_140K_15%,LF_DIA_A_min_2K_2%_max_12K_10%
A012697,,HK_GOL_A_min_3K_5%_max_60K_13%,LF_GOL_A_min_2K_2%_max_12K_10%
A013422,,HK_GOL_A_min_3K_5%_max_60K_13%,LF_GOL_A_min_2K_2%_max_12K_10%
A016753,,HK_GOL_A_min_3K_5%_max_60K_13%,LF_GOL_A_min_2K_2%_max_12K_10%
A017632,,HK_GOL_A_min_3K_5%_max_60K_13%,LF_GOL_A_min_2K_2%_max_12K_10%
A018455,,HK_GOL_A_min_3K_5%_max_60K_13%,LF_GOL_A_min_2K_2%_max_12K_10%
A018866,,HK_GOL_A_min_3K_5%_max_60K_13%,LF_GOL_A_min_2K_2%_max_12K_10%
A020742,,HK_GOL_A_min_3K_5%_max_60K_13%,LF_GOL_A_min_2K_2%_max_12K_10%
A022171,,HK_GOL_A_min_3K_5%_max_60K_13%,LF_GOL_A_min_2K_2%_max_12K_10%
A022687,,HK_GOL_A_min_3K_5%_max_60K_13%,LF_GOL_A_min_2K_2%_max_12K_10%
A027574,,HK_GOL_A_min_3K_5%_max_60K_13%,LF_GOL_A_min_2K_2%_max_12K_10%
A029076,,HK_GOL_A_min_3K_5%_max_60K_13%,LF_GOL_A_min_2K_2%_max_12K_10%
732209,,HK_DIA_A_min_40K_11%_max_140K_15%,LF_DIA_A_min_2K_2%_max_12K_10%
A018248,,HK_APP_A_min_5K_3%_max_17.5K_10%,
A019116,,HK_APP_A_min_5K_3%_max_17.5K_10%,
A019268,,HK_APP_A_min_5K_3%_max_17.5K_10%,
A019312,,HK_APP_A_min_5K_3%_max_17.5K_10%,
A019318,,HK_APP_A_min_5K_3%_max_17.5K_10%,
A019358,,HK_APP_A_min_5K_3%_max_17.5K_10%,
A019361,,HK_APP_A_min_5K_3%_max_17.5K_10%,
A019362,,HK_APP_A_min_5K_3%_max_17.5K_10%,
A019371,,HK_APP_A_min_5K_3%_max_17.5K_10%,
A019442,,HK_APP_A_min_5K_3%_max_17.5K_10%,
A019447,,HK_APP_A_min_5K_3%_max_17.5K_10%,
A019448,,HK_APP_A_min_5K_3%_max_17.5K_10%,
A019449,,HK_APP_A_min_5K_3%_max_17.5K_10%,
A019458,,HK_APP_A_min_5K_3%_max_17.5K_10%,
A019590,,HK_APP_A_min_5K_3%_max_17.5K_10%,
A020164,,HK_APP_A_min_5K_3%_max_17.5K_10%,
A020488,,HK_APP_A_min_5K_3%_max_17.5K_10%,
A017663,,HK_DIA_A_min_40K_11%_max_140K_15%,LF_DIA_A_min_2K_2%_max_12K_10%
A016592,,HK_DIA_A_min_40K_11%_max_140K_15%,LF_DIA_A_min_2K_2%_max_12K_10%
100142,,HK_GOL_A_min_3K_5%_max_60K_13%,LF_GOL_A_min_2K_2%_max_12K_10%
724363,,HK_GOL_A_min_3K_5%_max_60K_13%,LF_GOL_A_min_2K_2%_max_12K_10%
724390,,HK_DIA_A_min_40K_11%_max_140K_15%,LF_DIA_A_min_2K_2%_max_12K_10%
724579,,HK_GOL_A_min_3K_5%_max_60K_13%,LF_GOL_A_min_2K_2%_max_12K_10%
724925,,HK_GOL_A_min_3K_5%_max_60K_13%,LF_GOL_A_min_2K_2%_max_12K_10%
725466,,HK_GOL_A_min_3K_5%_max_60K_13%,LF_GOL_A_min_2K_2%_max_12K_10%
725741,,HK_DLR_A_min_20K_16%_max_140K_16%,LF_DIA_A_min_2K_2%_max_12K_10%
728841,,HK_DIA_A_min_40K_11%_max_140K_15%,LF_DIA_A_min_2K_2%_max_12K_10%
729257,,HK_DIA_A_min_40K_11%_max_140K_15%,LF_DIA_A_min_2K_2%_max_12K_10%
729697,,HK_DIA_A_min_40K_11%_max_140K_15%,LF_DIA_A_min_2K_2%_max_12K_10%
731296,,HK_ATM_A_min_27K_5%_max_95K_10%,
731658,,HK_AHD_A_min_5K_2%_max_45K_10%,LF_AHD_A_min_3K_3%_max_10K_10%
731721,,HK_DIA_A_min_40K_11%_max_140K_15%,LF_DIA_A_min_2K_2%_max_12K_10%
731722,,HK_GOL_A_min_3K_5%_max_60K_13%,LF_GOL_A_min_2K_2%_max_12K_10%
732208,,HK_GOL_A_min_3K_5%_max_60K_13%,LF_GOL_A_min_2K_2%_max_12K_10%
732494,,HK_DIA_A_min_40K_11%_max_140K_15%,LF_DIA_A_min_2K_2%_max_12K_10%
732676,,HK_DIA_A_min_40K_11%_max_140K_15%,LF_DIA_A_min_2K_2%_max_12K_10%
734063,,HK_DIA_A_min_40K_11%_max_140K_15%,LF_DIA_A_min_2K_2%_max_12K_10%
736240,,HK_DIA_A_min_40K_11%_max_140K_15%,LF_DIA_A_min_2K_2%_max_12K_10%
736432,,HK_GOL_A_min_3K_5%_max_60K_13%,LF_GOL_A_min_2K_2%_max_12K_10%
738270,,HK_DIA_A_min_40K_11%_max_140K_15%,LF_DIA_A_min_2K_2%_max_12K_10%
A000038,,HK_GOL_A_min_3K_5%_max_60K_13%,LF_GOL_A_min_2K_2%_max_12K_10%
A001393,,HK_GOL_A_min_3K_5%_max_60K_13%,LF_GOL_A_min_2K_2%_max_12K_10%
A005271,,HK_DIA_A_min_40K_11%_max_140K_15%,LF_DIA_A_min_2K_2%_max_12K_10%
A010021,,HK_GOL_A_min_3K_5%_max_60K_13%,LF_GOL_A_min_2K_2%_max_12K_10%
A013176,,HK_DIA_A_min_40K_11%_max_140K_15%,LF_DIA_A_min_2K_2%_max_12K_10%
A015303,AL_ATD_A_min_6K_2%_max_150K_14%,,
A015348,,HK_DIA_A_min_40K_11%_max_140K_15%,LF_DIA_A_min_2K_2%_max_12K_10%
A021829,,HK_DIA_A_min_40K_11%_max_140K_15%,LF_DIA_A_min_2K_2%_max_12K_10%
A022990,,HK_GOL_A_min_3K_5%_max_60K_13%,LF_GOL_A_min_2K_2%_max_12K_10%
A024644,,HK_GOL_A_min_3K_5%_max_60K_13%,LF_GOL_A_min_2K_2%_max_12K_10%
A024737,,HK_DIA_A_min_40K_11%_max_140K_15%,LF_DIA_A_min_2K_2%_max_12K_10%
A028116,,HK_GOL_A_min_3K_5%_max_60K_13%,LF_GOL_A_min_2K_2%_max_12K_10%
A028193,,HK_RRS_A_min_20K_2%_max_140K_14%,LF_RRS_A_min_2K_4%_max_12K_10%
A028846,,HK_GOL_A_min_3K_5%_max_60K_13%,LF_GOL_A_min_2K_2%_max_12K_10%
A029006,,HK_QFR_A_min_20K_8%_max_140K_15%,LF_DIA_A_min_2K_2%_max_12K_10%
A023431,,HK_AHD_A_min_5K_4%_max_80K_14%,LF_AHD_A_min_1K_1%_max_12K_10%
A025704,,HK_ATL_Q_min_500_1%_max_5000_6%,LF_MTS_A_min_2K_4%_max_12K_10%
724393,,HK_AMM_A_min_5K_4%_max_80K_14%,LF_AMM_A_min_1K_1%_max_12K_10%
724624,,HK_GOL_A_min_3K_5%_max_60K_13%,LF_GOL_A_min_2K_2%_max_12K_10%
728661,,HK_AMM_A_min_20K_5%_max_120K_14%,LF_AMM_Q_min_25_3%_max_400_12%
731503,,HK_GOL_A_min_3K_5%_max_60K_13%,LF_GOL_A_min_2K_2%_max_12K_10%
731711,,HK_DIA_A_min_40K_11%_max_140K_15%,LF_DIA_A_min_2K_2%_max_12K_10%
732154,,HK_MTS_A_min_5K_3%_max_60K_12%,LF_MTS_A_min_2K_4%_max_12K_10%
732566,,HK_GOL_A_min_3K_5%_max_60K_13%,LF_GOL_A_min_2K_2%_max_12K_10%
732756,,HK_GOL_A_min_3K_5%_max_60K_13%,LF_GOL_A_min_2K_2%_max_12K_10%
733725,,HK_GOL_A_min_3K_5%_max_60K_13%,LF_GOL_A_min_2K_2%_max_12K_10%
734921,,HK_GOL_A_min_3K_5%_max_60K_13%,LF_GOL_A_min_2K_2%_max_12K_10%
736595,,HK_AMM_A_min_18K_16%_max_150K_14%,LF_AMM_A_min_1K_1%_max_12K_10%
A002483,,HK_GOL_A_min_3K_5%_max_60K_13%,LF_GOL_A_min_2K_2%_max_12K_10%
A003968,,HK_AMM_A_min_12K_3%_max_150K_14%,LF_AMM_A_min_1K_1%_max_12K_10%
A009629,,HK_GOL_A_min_3K_5%_max_60K_13%,LF_GOL_A_min_2K_2%_max_12K_10%
A010307,,HK_GOL_A_min_3K_5%_max_60K_13%,LF_GOL_A_min_2K_2%_max_12K_10%
A010462,,HK_GOL_A_min_3K_5%_max_60K_13%,LF_GOL_A_min_2K_2%_max_12K_10%
A012976,,HK_AMM_A_min_25K_5%_max_150K_14%,LF_AMM_A_min_1K_1%_max_12K_10%
A013507,,HK_GOL_A_min_3K_5%_max_60K_13%,LF_GOL_A_min_2K_2%_max_12K_10%
A013969,,HK_GOL_A_min_3K_5%_max_60K_13%,LF_GOL_A_min_2K_2%_max_12K_10%
A014074,,HK_MTS_A_min_5K_3%_max_60K_12%,LF_MTS_A_min_2K_4%_max_12K_10%
A015059,,HK_GOL_A_min_3K_5%_max_60K_13%,LF_GOL_A_min_2K_2%_max_12K_10%
A020046,,HK_GOL_A_min_3K_5%_max_60K_13%,LF_GOL_A_min_2K_2%_max_12K_10%
A021760,,HK_GOL_A_min_3K_5%_max_60K_13%,LF_GOL_A_min_2K_2%_max_12K_10%
A022185,,HK_GOL_A_min_3K_5%_max_60K_13%,LF_GOL_A_min_2K_2%_max_12K_10%
734504,AL_ATP_Q_min_20_6%_max_120_15%,,
A007184,AL_ATP_Q_min_20_6%_max_120_15%,,
A014347,AL_ATP_Q_min_20_6%_max_120_15%,,
A014450,AL_ATP_Q_min_20_6%_max_120_15%,,
731118,,HK_ATR_A_min_80K_5%_max_170K_10%,
