SIZE,DESCRIPTION,COST,PRICE
Roadstone,175/65R14 82T EUROVIS HP02,33.00,80.00
Winrun,175/65R14 82T R330,35.00,80.00
Nexen,175/65R14 82H N'BLUE S,48.00,95.00
Winrun,175/65R14C 90/88T R350,49.00,99.00
Kumho,175/65R14 82T ES31 ECOWING,61.50,102.00
Kumho,175/65R14 82T ES31 ECOWING,60.00,109.00
Kumho,175/65R14 86T ES31 ECOWING,60.00,109.00
Continental,175/65R14 82T ContiEcoContact 3,75.00,119.00
Nexen,175/65R14 90/88T ROADIAN CT8,74.00,120.00
Bridgestone,175/65R14 82T ECOPIA EP150,80.00,125.00
Dunlop,175/65R14 82H SP TOURING R1,89.00,129.00
Bridgestone,175/65R14 82H ECOPIA EP150,88.00,135.00
BFGoodrich,175/65R14 82H TL ADVT/A DRV GO,,0.00
Unigrip,175/65R14 86T MILEAGE XL,,0.00
Goodride,175/65R14 82H RP28,40.00,55.00
Bridgestone,175/65R14 82H ECOPIA EP150(Old Dot),39.00,59.00
BLUESTREAK,175/65R14 BLUE STREAK GT 665+ 82H TL,50.00,65.00
SAFERICH,175/65R14 90/88T XL FRC96,35.00,65.00
Rapid,175/65R14 82T P309,36.00,66.00
Kumho,175/65R14 86T KH27 ECOWING ES01,49.00,69.00
Federal,175/65R14 86T FORMOZA GIO,30.00,70.00
Kumho,175/65R14 82H KH27 ECOWING ES01,55.00,75.00
Nankang,175/65R14 82H XR611,60.00,75.00
Roadstone,175/65R14 82H CP661,55.00,75.00
FORCELAND,175/65R14 82H VITALITY F22,32.00,79.00
Yokohama,175/65R14 82T BluEarth AE01,59.00,79.00
HAIDA,175/65R14 82T HD667,36.00,80.00
Hankook,175/65R14,70.00,80.00
Kumho,175/65R14 82H KR26 SENSE,55.00,80.00
Yokohama,175/65R14 82H BluEarth ES32,59.00,80.00
Kumho,175/65R14 82T TA11 SOLUS,61.00,85.00
Nexen,175/65R14 82H NBLUE HD PLUS,45.00,85.00
OPALS,175/65R14 82H FH666,34.00,85.00
Yokohama,175/65R14 82T ADVAN A349 (Japan),66.00,85.00
Rapid,175/65R14 82H P309,42.00,87.00
Falken,175/65R14 82H ZE912,55.00,89.00
Hankook,175/65R14 82T H308 KINERGY EX,59.00,89.00
Kumho,175/65R14 86T TA31 SOLUS,59.00,89.00
Bridgestone,175/65R14 82T B250,75.00,90.00
Laufenn,175/65R14 82H LH41 G FIT AS,,90.00
Nexen,175/65R14 82H N PRIZ SH9I,,95.00
Winrun,175/65R14 82T R380,,95.00
Goodyear,175/65R14 82H OPTILIFE 2,,98.00
Hankook,175/65R14 82T K425 KINERGY ECO,,99.00
Kumho,175/65R14 82T KH27 ECOWING ES01,,99.00
Bridgestone,175/65R14 81H RE92,,100.00
Bridgestone,175/65R14 82H B391,,100.00
Dunlop,175/65R14 82H SP SPORT LM705,,100.00
Goodyear,175/65R14 82T DuraPlus,,100.00
Kumho,175/65R14 82H TA21 SOLUS,,105.00
Kumho,175/65R14 82H ES33 ECOWING,,105.00
Toyo,175/65R14 82H PROXES CF2,,105.00
Goodyear,175/65R14 82H EAGLE SPORT 2,,109.00
Goodyear,175/65R14 82H Assurance Duraplus 2,,110.00
Nexen,175/65R14 86T N'BLUE HD PLUS,,113.00
Continental,175/65R14 86T ContiEcoContact 6,,114.00
Pirelli,175/65R14 82H P6 CINT,,114.00
Dunlop,175/65R14 82S SP TOURING R1,,115.00
Goodyear,175/65R14 82H OPTILIFE,,115.00
Hankook,175/65R14 82T K435 KINERGY ECO2,,115.00
Continental,175/65R14 82H ContiTechContact 6,,120.00
Continental,175/65R14 82H ContiComfortContact CC6,,120.00
Pirelli,175/65R14 82T P1 CINT VERDE,,120.00
Roadstone,175/65R14 90/88T CP321,,120.00
Goodyear,175/65R14 82H Assurance TripleMax 2,,125.00
Hankook,175/65R14 82H K435 KINERGY ECO2,,125.00
Toyo,175/65R14 82H PROXES C100 PLUS (C10+),,125.00
Yokohama,175/65R14 82S BluEarth AE01F,,125.00
Yokohama,175/65R14 82H A.DRIVE (AA01),,125.00
Dunlop,175/65R14 82T ENASAVE EC300+,,130.00
Dunlop,175/65R14 82T ENASAVE EC300,,130.00
Dunlop,175/65R14 82H FM800,,135.00
Michelin,175/65R14 82H ENERGY XM2+,,175.00
SIMMONS TYRE,175/65R14 82H SPORT ST003,,999.00
SENTURY LANDSAIL,195/65R15 91V QIRIN 990,37.00,90.00
YOMAR,195/65R15 91V SKYRACE P03,39.00,91.00
Roadstone,195/65R15 91V EUROVIS HP02,48.00,95.00
Nexen,195/65R15 91H N'BLUE S,55.00,105.00
Nexen,195/65R15 91H Roadian 581 (HYUNDAI I30),58.00,110.00
Kumho,195/65R15 91V ES33 ECOWING,65.00,115.00
Kumho,195/65R15 91H KR26 SENSE,65.00,115.00
Dunlop,195/65R15 91H SP TOURING R1,73.00,119.00
Nexen,195/65R15 91H N'FERA SU1 (KIA),65.00,119.00
Goodyear,195/65R15 91V Assurance TripleMax,75.00,125.00
Kumho,195/65R15 91V ES31 ECOWING,77.00,127.00
Hankook,195/65R15 91H K415 OPTIMO,78.00,129.00
Kumho,195/65R15 95T ES31 ECOWING,83.00,130.00
Dunlop,195/65R15 91H ENASAVE EC300+,88.00,135.00
Toyo,195/65R15 91V PROXES COMFORT MC1,85.00,135.00
Goodyear,195/65R15 91V EAGLE F1 SPORT,88.00,139.00
Pirelli,195/65R15 91V POWERGY,89.00,140.00
Bridgestone,195/65R15 91V ECOPIA EP150,97.00,145.00
Bridgestone,195/65R15 91H ECOPIA EP150,97.00,145.00
Continental,195/65R15 91V ContiComfortContact 7,97.00,145.00
Bridgestone,195/65R15 91V ECOPIA EP300,109.00,149.00
Yokohama,195/65R15 91H ASPEC ADVAN A349A,108.00,160.00
Michelin,195/65R15 91V ENERGY XM2+,141.00,189.00
Kumho,195/65R15 KH31 91H,,0.00
Rotalla,195/65R15 91H F108,45.00,65.00
Fulda,195/65R15 91V EcoControl HP2,45.00,69.00
Roadstone,195/65R15 91H N'BLUE ECO,48.00,69.00
Toyo,195/65R15 91H TRANPATH MPZ,54.00,75.00
Durun,195/65R15 91H D106,64.00,80.00
Dunlop,195/65R15 91V SP Sport LM704,58.00,83.00
Toyo,195/65R15 91V PROXES C1S,61.00,85.00
Yokohama,195/65R15 91S BluEarth E52A,61.00,85.00
Winrun,195/65R15 91V R380,43.00,88.00
BRICS,195/65R15 91H BR-202,41.00,89.00
Winrun,195/65R15 91V R330,43.00,89.00
Accelera,195/65R15 91V 651,75.00,90.00
FORCELAND,195/65R15 91V VITALITY F22,44.00,90.00
HAIDA,195/65R15 91V RunSpirit,44.00,90.00
SENTURY LANDSAIL,195/65R15 91H QIRIN 990,38.00,90.00
Yokohama,195/65R15 91H A.DRIVE (AA01),,90.00
Continental,195/65R15 91H ContiPremiumContact 6 BSW,,95.00
Goodyear,195/65R15 91H Excellence VW,,95.00
HAIDA,195/65R15 91H HD667,,95.00
Honour,195/65R15 91S AL158,,95.00
Kumho,195/65R15 91V KH27 ECOWING ES01,,95.00
Toyo,195/65R15 91T NANO ENERGY 3,,95.00
Yokohama,195/65R15 91S S70A,,95.00
Achilles,195/65R15 4 Platinum 91V BSW,,99.00
Nexen,195/65R15 91V N PRIZ SH9I,,99.00
Rapid,195/65R15 91H ECO809,,99.00
Roadstone,195/65R15 91V CP661,,99.00
Pirelli,195/65R15 91V P1 CINT VERDE,,104.00
Bridgestone,195/65R15 91H TURANZA T001,,105.00
Continental,195/65R15 91V ContiUltraContact UC6,,108.00
Pirelli,195/65R15 91H P7EvoT,,109.00
Continental,195/65R15 91V ContiPremiumContact,,110.00
Hankook,195/65R15 91T H308 KINERGY EX,,110.00
Kumho,195/65R15 91H KH27 ECOWING ES01,,110.00
Yokohama,195/65R15 S33,,110.00
Hankook,195/65R15 91H K425 KINERGY ECO,,115.00
Nexen,195/65R15 91H NFERA SU4,,115.00
Hankook,195/65R15 91H H308 (+) PLUS KINERGY EX,,119.00
Kumho,195/65R15 91H HS63 SOLUS,,119.00
Kumho,195/65R15 91H ES31 ECOWING,,119.00
Kumho,195/65R15 91H KH32 SOLUS (SA01+),,119.00
Kumho,195/65R15 91V HS63 SOLUS,,119.00
Goodyear,195/65R15 91V Assurance TripleMax 2,,120.00
Kumho,195/65R15 91H KH18 SOLUS,,120.00
Continental,195/65R15 91V ContiComfortContact CC6,,125.00
Falken,195/65R15 91H ZE914 ECORUN,,125.00
Hankook,195/65R15 91H K435 KINERGY ECO2,,125.00
Kumho,195/65R15 91H TA21 SOLUS,,125.00
Pirelli,195/65R15 91H P1 CINT VERDE KS,,125.00
Pirelli,195/65R15 91V P1 CINT VERDE,,125.00
Yokohama,195/65R15 91H BluEarth ES32,,125.00
Landsail,205/65R16 107/105T LSV88,64.00,110.00
Winrun,205/65R16C 107/105T R350,63.00,119.00
HAIDA,205/65R16 107/105T 8PR HD737,68.00,125.00
Kumho,205/65R16 95H HS51 ECSTA,85.00,135.00
Nexen,205/65R16 95H N'BLUE HD PLUS,85.00,135.00
Hankook,205/65R16 95V H452 VENTUS S1 NOBLE2,85.00,140.00
Roadstone,205/65R16 107/105R CP321,85.00,140.00
Dunlop,205/65R16 95H ENASAVE EC300+,120.00,175.00
Pirelli,205/65R16 95H POWERGY,130.00,185.00
Kumho,205/65R16C 107/105T KC53 PORTRAN,139.00,191.00
Bridgestone,205/65R16 95V ECOPIA EP300,145.00,195.00
Michelin,205/65R16 95H ENERGY XM2+,155.00,210.00
Michelin,205/65R16 95W PRIMACY 5,189.00,245.00
Dunlop,205/65R16 95H SP Sport LM704,,0.00
Yokohama,205/65R16 109/107L 12P LT151,,0.00
Goodride,205/65R16C 107/105T 8PR H188,55.00,80.00
Winrun,205/65R16 95V R380 (DOT 2017),35.00,80.00
LANWOO,205/65R16 95H RUNNER H100,44.00,85.00
Nexen,205/65R16 94H AH 01 N BLUE (DOT2013),65.00,85.00
Westlake,205/65R16 95H RP28,59.00,88.00
COMFORSER,205/65R16C 107/105R 8PR CF360 (DOT 2018),45.00,90.00
NEUTON,205/65R16 107/105T NT551,59.00,90.00
AOTELI,205/65R16 99H P307,55.00,95.00
Kumho,205/65R16C 107/105T RA28 (Demo),75.00,99.00
MILEKING,205/65R16 107/105T MK737,52.00,99.00
Winrun,205/65R16 95H R380,58.00,99.00
Kumho,205/65R16 95H KH32 SOLUS,80.00,109.00
Rapid,205/65R16C 107/105T EFFIVAN,69.00,109.00
Yokohama,205/65R16 95H BluEarth E70BZ(Demo),75.00,109.00
Continental,205/65R16 95H ContiUltraContact UC6,70.00,110.00
Delinte,205/65R16 107/105T DV2,63.00,110.00
Dunlop,205/65R16 95H SP SPORT LM705,79.00,110.00
Hankook,205/65R16 95V K114 VENTUS ME01,85.00,110.00
Ilink,205/65R16 95H L-GRIP66,59.00,110.00
HAIDA,205/65R16 95H HD937,71.00,118.00
Kumho,205/65R16 95H ES33 ECOWING,76.00,125.00
Kumho,205/65R16 95H HS63 SOLUS,79.00,129.00
Bandag,205/65-16 BRY CUS,,134.00
Bandag,205/65-16 BDLT CUS,,137.00
Dunlop,205/65R16 107T SP VAN 01,,139.00
Goodyear,205/65R16 95V Assurance TripleMax 2,,139.00
Pirelli,205/65R16 95H P6 CINT,,139.00
Goodyear,205/65R16 107/105T Cargo Marathon,,140.00
Goodyear,205/65R16 95V Assurance Duraplus 2,,140.00
Hankook,205/65R16 95H KINERGY ECO2 K435,,145.00
Goodyear,205/65R16 95H Assurance TripleMax 2,,149.00
Hankook,205/65R16 107/105T RA28 (Demo),,150.00
Goodyear,205/65R16 95V Assurance MaxGuard,,155.00
Nexen,205/65R16 107/105T ROADIAN CT8,,155.00
Yokohama,205/65R16 95H BluEarth-GT AE51D,,155.00
Yokohama,205/65R16 95H BluEarth ES32,,155.00
Hankook,205/65R16 107/105T 8 RA14,,160.00
Toyo,205/65R16 95V PROXES COMFORT MC1,,160.00
Hankook,205/65R16 103/101H RA18 VANTRA LT,,165.00
Yokohama,205/65R16 95H DECIBEL E70B,,170.00
Toyo,205/65R16 95H PROXES CR1S,,172.00
Bridgestone,205/65R16 95H TURANZA T005A(Yaris),,180.00
Dunlop,205/65R16 109/107N SP LT50,,180.00
Bridgestone,205/65R16 95H ECOPIA EP150,,185.00
Bridgestone,205/65R16 95H ECOPIA EP300,,195.00
Toyo,205/65R16 107T NANO ENERGY VAN,,195.00
Bridgestone,205/65R16 95H B390 TL,,199.00
Hankook,205/65R16 107/105T 8PR RA18 VANTRA LT,,205.00
Continental,205/65R16C 107T ContiVanContact 200,,210.00
Goodyear,205/65R16 107/105T Cargo Marathon 2,,210.00
Goodyear,205/65R16 107/105T Efficientgrip Cargo,,210.00
Pirelli,205/65R16 95V P7 CINT (MO),,230.00
Toyo,205/65R16 109/107N NANOENERGY M134E(All Position),,240.00
Pirelli,205/65R16C 107T CARRIER,,250.00
Continental,205/65R16C 107/105T ContiVanContact 100,,265.00
Continental,205/65R16 107T ContiVanContact ULTRA,,290.00
Michelin,205/65R16 107/105T AGILIS 3,,295.00
Bridgestone,205/65R16 107/105T DURAVIS R660 ECO,,299.00
Hankook,205/65R16 87V K114 VENTUS ME01,,999.00
SIMMONS TYRE,205/65R16 107/105T STREET CARGO,,999.00
Roadstone,225/45R17 94W EUROVIS SPORT 04,69.00,125.00
Kumho,225/45R17 91H HS63 SOLUS,88.00,131.00
Kumho,225/45R17 91V KH32 SOLUS SA01 PLUS,91.00,140.00
Nexen,225/45R17 91Y N'FERA SU1,91.00,140.00
Kumho,225/45R17 91W TA51 SOLUS,94.00,145.00
OPALS,225/45R17 91W FH888 ***Runflat***,88.00,145.00
Kumho,225/45R17 91W ES31 ECOWING,99.00,149.00
Nexen,225/45R17 91W N'FERA SPORT(VW Golf),108.00,155.00
Nexen,225/45R17 91V NFERA SU4(Hyundai),108.00,160.00
Yokohama,225/45R17 94W BluEarth-A AE50,115.00,170.00
Dunlop,225/45R17 94W XL DIREZZA DZ102,119.00,175.00
Pirelli,225/45R17 94W P8 FOURSEASON PREMIUM,134.00,181.00
Pirelli,225/45R17 91Y P7 CINT (AO),145.00,195.00
Pirelli,225/45R17 94W POWERGY,131.00,195.00
Bridgestone,225/45R17 94W Adrenalin RE003,159.00,210.00
Dunlop,225/45R17 94Y SP SPORT MAXX 060+,149.00,210.00
Bridgestone,225/45R17 94Y POTENZA SPORT,173.00,225.00
Bridgestone,225/45R17 94Y TURANZA T005 (*) ***RUNFLAT***,175.00,230.00
Continental,225/45R17 91Y ContiSportContact 5 (AO),170.00,230.00
Bridgestone,225/45R17 91W TURANZA T001 (MOE) ***RUNFLAT***,180.00,235.00
Michelin,225/45R17 91V E PRIMACY,189.00,235.00
Toyo,225/45R17 94V OBSERVE S944,199.00,239.00
Bridgestone,225/45R17 91W TURANZA ER33 ***RUNFLAT***,189.00,240.00
Michelin,225/45R17 94Y PILOT SPORT 5,195.00,240.00
Michelin,225/45R17 94W PRIMACY 5,189.00,245.00
Bridgestone,225/45R17 91W POTENZA RE050A (*) ***RUNFLAT***,199.00,255.00
Falken,*DEL*225/45ZR17 94Y XL FK453,,0.00
Sumitomo,*DEL*225/45ZR17 94Y HTRZ3,,0.00
SAVA,225/45R17 91Y INTENSA UHP2,45.00,65.00
DEBICA,225/45R17 91Y PRESTO UHP2 (DOT 2018),30.00,70.00
Federal,225/45R17 91W FORMOZA AZ01,55.00,70.00
Nexen,225/45R17 91V CP671,76.00,95.00
Marshal,225/45R17 91Y MU12,49.00,99.00
Kumho,225/45R17 91W TA31 SOLUS,95.00,110.00
Nankang,225/45R17 91V NS1,100.00,110.00
Sumitomo,225/45R17 90W SUMITOMO,100.00,110.00
Pirelli,225/45R17 91W P7EvoP,93.00,120.00
Continental,225/45R17 91W ContiMaxContact 5,99.00,125.00
Kumho,225/45R17 91V SA01 SOLUS +,97.00,125.00
Goodyear,225/45R17 91Y Eagle EfficientGrip (AO),,135.00
Kumho,225/45R17 91V HS51 ECSTA,,135.00
Kumho,225/45R17 91H HS81 ECSTA,,135.00
Dunlop,225/45R17 91W SP Sport Maxx 050,,139.00
Kumho,225/45R17 91V ES33 ECOWING,,139.00
Kumho,225/45R17 91W KU50 Majesty Solus,,140.00
Continental,225/45R17 91V ContiProContact RX,,145.00
Kumho,225/45R17 91W HS51 ECSTA,,145.00
Kumho,225/45R17 91W HS63 SOLUS,,145.00
Nexen,225/45R17 4 N6000 91W BSW,,145.00
Nitto,225/45R17 91W INVO,,145.00
Pirelli,225/45R17 91W P7,,145.00
Winrun,225/45R17 91W R330 ***Runflat***,,145.00
Goodyear,225/45R17 91H Eagle Sport All Season (AO),,150.00
Kumho,225/45R17 91W HS52 ECSTA,,150.00
Continental,225/45R17 91V ContiEcoContact 6,,155.00
Hankook,225/45R17 91W K107 VENTUS S1 EVO ***RUNFLAT****,,155.00
Kumho,225/45R17 91W PS71 ECSTA,,155.00
Nexen,225/45R17 91W N'FERA SU1(Kia),,155.00
Pirelli,225/45R17 91Y P7 CINT (P7C2),,155.00
Bridgestone,225/45R17 91W TURANZA ER300 (MO),,159.00
Nexen,225/45R17 91Y N'FERA SPORT SUV,,159.00
Pirelli,225/45R17 91Y DRAGON SPORT,,159.00
Pirelli,225/45R17 91W P1 Cint,,159.00
Bridgestone,225/45R17 91V ECOPIA EP300,,160.00
Bridgestone,225/45R17 91W TURANZA T001,,160.00
Continental,225/45R17 91W ContiSportContact 2 (*) SSR ***Runflat***,,160.00
Continental,225/45R17 91V ContiProContact RX (CONTISEAL),,160.00
Bridgestone,225/45R17 90W POTENZA RE050,,165.00
Bridgestone,225/45R17 91V TURANZA T001 (MO),,165.00
Pirelli,225/45R17 91W P6 Cint,,169.00
Hankook,225/45R17 91Y K135 VENTUS PRIME 4,,170.00
Toyo,225/45R17 91W TEO PLUS,,176.00
Bridgestone,225/45R17 90W POTENZA RE070,,179.00
SIMMONS TYRE,225/45R17 94W SPORT ST005,,999.00
Yokohama,225/45R17 94W BluEarth-A AE50,,999.00
HAIDA,215/45R17 91W RunSpirit,49.00,99.00
SENTURY LANDSAIL,215/45R17 91Y QIRIN 990,49.00,99.00
Roadstone,215/45R17 91W EUROVIS SPORT 04,65.00,120.00
Nexen,215/45R17 91W N'FERA SU1,75.00,125.00
Kumho,215/45R17 87V KH27 ECOWING ES01,85.00,140.00
Kumho,215/45R17 87H HS51 ECSTA,88.00,140.00
Kumho,215/45R17 91W HS52 ECSTA,99.00,145.00
Nexen,215/45R17 91W N'BLUE HD PLUS(VW),111.00,150.00
Nitto,215/45R17 91W XL M+S NEOGEN,140.00,159.00
Continental,215/45R17 91W ContiUltraContact UC7,109.00,160.00
Pirelli,215/45R17 91W POWERGY,119.00,169.00
Dunlop,215/45R17 91Y SP SPORT MAXX 060+,139.00,179.00
Bridgestone,215/45R17 91W POTENZA Adrenalin RE003,145.00,190.00
Bridgestone,215/45R17 91W ECOPIA EP300,155.00,209.00
Toyo,215/45R17 91W PROXES R888R (Semi Slick),175.00,230.00
Michelin,215/45R17 91Y PILOT SPORT 5,195.00,250.00
Dunlop,215/45R17 91Y XL SP SPORT MAXX RT,,0.00
Kumho,215/45R17 HS51 91W,,0.00
Kumho,215/45R17 V720 91W,,0.00
Powertrac,215/45R17 91W XL CITYRACING,38.00,69.00
Marshal,215/45R17 87W MU12,45.00,70.00
Dunlop,215/45R17 91Y SP Sport Maxx (Old DOT),35.00,75.00
THREE-A,215/45R17 91W P606,46.00,75.00
Autogrip,215/45R17 91W P308,48.00,80.00
Federal,215/45ZR17 91W XL FORMOZA FD2 (DOT2017),65.00,85.00
Nexen,215/45R17 91H CP672,68.00,89.00
Rapid,215/45R17 91W P609,52.00,97.00
Rapid,215/45R17 91W ECO819,55.00,99.00
COMFORSER,215/45R17 91W CF710,55.00,109.00
Hankook,215/45R17 91W H452 VENTUS S1 NOBLE2,85.00,109.00
Kumho,215/45R17 91W HS51 ECSTA,89.00,109.00
OPALS,215/45R17 91W FH888,54.00,109.00
Winrun,215/45R17 91W R330,49.00,109.00
Nexen,215/45R17 91W N'FERA SU4,72.00,110.00
Continental,215/45R17 91Y ContiMaxContact MC6,95.00,119.00
Hankook,215/45R17 91V K125 VENTUS PRIME 3,89.00,119.00
Continental,215/45R17 91V ContiSportContact 3,95.00,120.00
Firestone,215/45R17 FIRESTONE,,120.00
Kumho,215/45R17 KU19 ECSTA,,120.00
Yokohama,215/45R17 91V BluEarth ES32,,120.00
Continental,215/45R17 91W ContiUltraContact UC6,,125.00
Kumho,215/45R17 91Y KU39 ECSTA,,125.00
Goodyear,215/45R17 91W Assurance TripleMax 2,,129.00
Goodyear,215/45R17 91W EfficientGrip Performance,,129.00
Kumho,215/45R17 91W KU27 ECSTA LX,,130.00
Sumitomo,215/45R17 HTR,,130.00
Kumho,215/45R17 91V TA51+ SOLUS ADVANCE,,134.00
Goodyear,215/45R17 91W OPTILIFE 2,,135.00
Hankook,215/45R17 91V H457 VENTUS V2 CONCEPT 2,,135.00
Kumho,215/45R17 91W HS81 ECSTA,,135.00
Pirelli,215/45R17 91Y POWERGY,,135.00
Kumho,215/45R17 91V TA51 SOLUS,,136.00
Continental,215/45R17 87V ContiMaxContact MC5,,138.00
Yokohama,215/45ZR17 91W C.DRIVE (AC01),,139.00
Dunlop,215/45R17 91W SP SPORT LM705,,140.00
Hankook,215/45R17 91V H426 OPTIMO,,140.00
Kumho,215/45R17 91V TA21 SOLUS,,140.00
Kumho,215/45R17 91W PA51 ECSTA,,140.00
Toyo,215/45R17 87W NANO ENERGY R41,,140.00
Firestone,215/45R17 87W TZ100,,142.00
Dunlop,215/45R17 91W Direzza DZ102+,,143.00
Falken,215/45R17 91W XL ZE914 ECORUN,,145.00
Kumho,215/45R17 87H KH27 ECOWING ES01,,150.00
Dunlop,215/45R17 87W Direzza DZ102,,165.00
Toyo,215/45R17 91W PROXES TS,,169.00
Toyo,215/45R17 87W PROXES R30,,175.00
Falken,215/45R17 87W RT615K+(SEMI SLICK),,185.00
Hankook,215/45R17 87W RS4 Z232 Ventus,,189.00
Michelin,215/45R17 87W PRIMACY HP (DOT 2018),,195.00
Bridgestone,215/45R17 87W GR90,,204.00
Yokohama,215/45R17 87W ADVAN Neova AD08RS,,210.00
Michelin,215/45R17 87W PRIMACY 4,,225.00
Nitto,215/45ZR17 87W NT01(Semi Slick),,225.00
Yokohama,215/45R17 87W ADVAN Neova AD08R,,229.00
SIMMONS TYRE,215/45R17 91Y SPORT ST005,,999.00
Roadstone,235/45R17 97W EUROVIS SPORT 04,58.00,110.00
Nexen,235/45R17 97W NFERA SU1,75.00,125.00
Kumho,235/45R17 94W ES33 ECOWING,99.00,145.00
Kumho,235/45R17 97W PA51 ECSTA,95.00,145.00
Hankook,235/45R17 97V H457 VENTUS V2 CONCEPT 2,115.00,169.00
Dunlop,235/45R17 94W SP SPORT LM705,120.00,175.00
Pirelli,235/45R17 97W POWERGY,130.00,185.00
Continental,235/45R17 97W ContiUltraContact UC7,140.00,190.00
Bridgestone,235/45R17 97W Adrenalin RE003,150.00,205.00
RETREAD,235/45R17 RETREAD,65.00,75.00
SAVA,235/45R17 97Y SAVA INTENSA UHP2,55.00,85.00
Rapid,235/45R17 97W ECO819,49.00,95.00
SENTURY LANDSAIL,235/45R17 97W QIRIN 990,51.00,99.00
SENTURY LANDSAIL,235/45R17 97Y QIRIN 990,54.00,99.00
Toyo,235/45R17 94W TYDRB,85.00,100.00
Yokohama,235/45R17 97W A539,100.00,100.00
COMFORSER,235/45R17 97W CF710,62.00,109.00
Nexen,235/45R17 94V N'PRIZ AH8,69.00,109.00
FORCELAND,235/45R17 97W VITALITY F22,58.00,110.00
Hankook,235/45R17 97Y K120 VENTUS V12 EVO2,80.00,110.00
Rapid,235/45R17 97W P609,61.00,110.00
Winrun,235/45R17 97W R330,56.00,110.00
Goodyear,235/45R17 94W Eagle EfficientGrip (2013),109.00,120.00
Lexani,235/45R17 97W LX9100,100.00,127.00
Dunlop,235/45R17 94W DIREZZA DZ102,95.00,130.00
Kumho,235/45R17 97W HS81 ECSTA,91.00,135.00
Nexen,235/45R17 97W N8000,99.00,135.00
Kumho,235/45R17 97W HS51 ECSTA,92.00,138.00
Kumho,235/45R17 97Y PS71 ECSTA,96.00,139.00
Nexen,235/45R17 97W N'FERA SU4,99.00,139.00
Continental,235/45R17 97W ContiMaxContact MC6(Dot),85.00,140.00
Marshal,235/45ZR17 97W MU12,95.00,140.00
Toyo,235/45R17 97W PROXES C1S,109.00,140.00
Goodyear,235/45R17 97W OPTILIFE 2,109.00,145.00
Toyo,235/45ZR17 97W PROXES 4,,149.00
Dynamo,235/45R17 97W STREET-H MU02,110.00,150.00
Falken,235/45R17 97W ZIEX ZE310R ECORUN,116.00,151.00
Dunlop,235/45R17 94W Direzza DZ102+,109.00,155.00
Falken,235/45R17 94W ZE914 Ecorun,109.00,155.00
Goodyear,235/45R17 97W Assurance TripleMax 2,,155.00
Continental,235/45R17 97W ContiUltraContact UC6,,159.00
Falken,235/45R17 97Y FK510 AZENIS,,160.00
Goodyear,235/45R17 94W EAGLE F1 SPORT,,160.00
Goodyear,235/45R17 97W Assurance MaxGuard,,160.00
Goodyear,235/45R17 97Y XL Eagle F1 Asymmetric 5,,161.00
Bridgestone,235/45R17 97Y TURANZA T001 (EVO),,165.00
Bridgestone,235/45R17 97W TURANZA T005A,,165.00
Continental,235/45R17 94W ContiSportContact 5 ***(ContiSeal) ***,,165.00
Dunlop,235/45R17 94W FM800,,165.00
Dunlop,235/45R17 97Y SP Sport Maxx RT 2,,165.00
Pirelli,235/45R17 97W P7 CINT (KS),,169.00
Pirelli,235/45R17 97W DRAGON SPORT,,169.00
Pirelli,235/45R17 97Y POWERGY,,169.00
Goodyear,235/45R17 94W Assurance ComfortTred,,170.00
Toyo,235/45R17 97W PROXES C100 PLUS(C10+),,170.00
Continental,235/45R17 94W ContiSportContact 3 (MO),,179.00
Goodyear,235/45R17 97Y Eagle F1 Asymmetric 6,,185.00
Michelin,235/45R17 94W PRIMACY 4,,185.00
Pirelli,235/45R17 97W P7 CINT,,186.00
Goodyear,235/45R17 97Y XL Eagle F1 Asymmetric 3,,195.00
Michelin,235/45R17 97W PRIMACY 4 ST,,195.00
Dunlop,235/45R17 97Y XL SP SPORT MAXX 060+,,199.00
Dunlop,235/45R17 97Y SP Sport Maxx 050+,,210.00
Dunlop,235/45R17 94W SP Sport Maxx RT,,215.00
Hankook,235/45R17 94W RS4 Z232 Ventus,,220.00
Michelin,235/45R17 94Y PRIMACY 4+,,230.00
Michelin,235/45R17 97Y PILOT SPORT 4,,240.00
Michelin,235/45R17 97W PRIMACY 5,,255.00
Michelin,235/45R17 97Y PILOT SPORT 4 ST,,255.00
Yokohama,235/45R17 94W ADVAN NEOVA AD08R,,265.00
Toyo,235/45R17 94W PROXES R888R (Semi Slick),,270.00
Yokohama,235/45R17 94W ADVAN NEOVA AD09,,295.00
Michelin,235/45R17 97Y Pilot Sport 4S,,520.00
Michelin,235/45R17 97Y PILOT SPORT 5,,999.00
SIMMONS TYRE,235/45R17 97W SPORT ST005,,999.00
HAIDA,225/40R18 92W RunSpirit,55.00,99.00
Roadstone,225/40R18 92W EUROVIS SPORT 04,77.00,125.00
Nexen,225/40R18 92W NFERA SU4,95.00,145.00
Winrun,225/40R18 88W R330 ***Runflat***,91.00,145.00
Nexen,225/40R18 92Y N'FERA SU1,101.00,150.00
Nitto,225/40ZR18 92W XL INVO,109.00,160.00
Dunlop,225/40R18 88W Direzza DZ102,119.00,170.00
Kumho,225/40R18 92W PS71 ECSTA,119.00,170.00
Kumho,225/40R18 88W TA51 SOLUS,125.00,175.00
Nexen,225/40R18 92Y N'FERA SPORT SUV,119.00,175.00
Toyo,225/40R18 92W PROXES COMFORT MC1,125.00,175.00
Continental,225/40R18 92Y ContiUltraContact UC7,139.00,185.00
Kumho,225/40R18 92Y PS71 ECSTA,143.00,193.00
Hankook,225/40R18 92Y K137 VENTUS S1 EVO4,149.00,195.00
Hankook,225/40R18 92Y K127 VENTUS S1 EVO3,145.00,195.00
Bridgestone,225/40R18 92W TURANZA T005 EVO,145.00,199.00
Dunlop,225/40R18 88Y SP Sport Maxx 050,154.00,205.00
Dunlop,225/40R18 92W SP Sport Maxx 050,154.00,205.00
Hankook,225/40R18 92Y K117 Ventus S1 EVO2 (AO),149.00,205.00
Dunlop,225/40R18 92Y SP SPORT MAXX 060+,155.00,210.00
Hankook,225/40R18 92Y K127 VENTUS S1 EVO3 (AO),159.00,210.00
Pirelli,225/40R18 92W POWERGY,156.00,216.00
Bridgestone,225/40R18 92W Potenza Adrenalin RE003,175.00,225.00
Hankook,225/40R18 92Y K127B VENTUS S1 EVO3***Runflat***,175.00,229.00
Bridgestone,225/40R18 92Y TURANZA T005 (AO),169.00,230.00
Continental,225/40R18 92Y ContiPremiumContact 7 (EV),175.00,230.00
Bridgestone,225/40R18 88Y TURANZA ER33,190.00,235.00
Continental,225/40R18 92Y ContiSportContact 5 (AO1),189.00,240.00
Continental,225/40R18 92Y ContiEcoContact 6 (*) SSR ***Runflat***,189.00,240.00
Continental,225/40R18 92Y ContiSportContact 7,190.00,245.00
Goodyear,225/40R18 92W Eagle F1 Asymmetric 2 (MOE) ***Runflat***,189.00,245.00
Pirelli,225/40R18 92W XL P1 CINT PLUS (+),180.00,245.00
Bridgestone,225/40R18 92Y POTENZA S001 (*) ***RUNFLAT***,195.00,249.00
Bridgestone,225/40R18 92Y POTENZA S005 (+),199.00,249.00
Michelin,225/40R18 92Y PRIMACY 5,195.00,250.00
Pirelli,225/40R18 92Y P7 CINT (P7C2) (AO),199.00,250.00
Pirelli,225/40R18 92Y PZERO (PZ5),199.00,260.00
Michelin,225/40R18 92Y PILOT SPORT 4,209.00,265.00
Pirelli,225/40R18 92W r-f PZERO (MOE) ***RUNFLAT***,209.00,265.00
Bridgestone,225/40R18 92Y TURANZA T005 (*),,269.00
Bridgestone,225/40R18 92W TURANZA T001 (MOE) ***RUNFLAT***,,269.00
Pirelli,225/40R18 92Y P7 CINT (*)(KS)***Runflat***,,270.00
Bridgestone,225/40R18 92Y TURANZA T005 ***RUNFLAT*** EMT,,274.00
Bridgestone,225/40R18 88Y POTENZA S001 (*) ***RUNFLAT***,,275.00
Bridgestone,225/40R18 92Y POTENZA RE050A I (*) ***RUNFLAT***,,295.00
Michelin,225/40R18 92Y PILOT SUPER SPORT (HN),,325.00
Michelin,225/40R18 92Y PILOT SPORT 4S,,340.00
Michelin,225/40R18 92Y PILOT SUPER SPORT (*) BMW,,370.00
Sumitomo,225/40R18 88W HTR ZII,,0.00
Yokohama,225/40R18 88V AVID S34P BluEarth(Old Dot),,115.00
Sumitomo,225/40R18 HTR,,120.00
Kumho,225/40R18 88W KU50 Majesty Solus(Dot 2022),,125.00
Nexen,225/40R18 88W N'PRIZ AH8,,135.00
Nexen,225/40R18 88W N'FERA SU1,,160.00
Hankook,225/40R18 88V K115 VENTUS PRIME 2,,175.00
Kumho,225/40R18 92Y PS72 ECSTA SPORT (EV),,185.00
Dunlop,225/40R18 88Y SP Sport 2050,,193.00
Bridgestone,225/40R18 88W POTENZA RE050A ***RUNFLAT***,,199.00
Pirelli,225/40R18 PZERO ASIM (USED),,200.00
Continental,225/40R18 88Y ContiSportContact 2 (N2),,209.00
Yokohama,225/40R18 88W ADVAN SPORT V105,,209.00
Kumho,225/40R18 88Y PS71 ECSTA ***RUNFLAT***,,210.00
Bridgestone,225/40R18 88W TURANZA T005A,,215.00
Yokohama,225/40R18 88W ADVAN Neova AD08RS,,225.00
Hankook,225/40R18 88Y K117 VENTUS S1 EVO2 ***Runflat***,,230.00
Bridgestone,225/40R18 88Y POTENZA RE050A (*) ***RUNFLAT***,,235.00
Toyo,225/40R18 92Y PROXES TS,,245.00
Continental,225/40R18 88Y ContiSportContact 5 (*) SSR ***Runflat***,,249.00
Goodyear,225/40R18 88Y Eagle F1 Asymmetric 2 (*) ***Runflat***,,250.00
Pirelli,225/40R18 88Y r-f PZERO (*)***RUNFLAT***,,255.00
Hankook,225/40R18 88W RS4 Z232 Ventus,,260.00
Continental,225/40R18 92W ContiSportContact 5 (MOE) SSR ***Runflat***,,265.00
Michelin,225/40R18 92Y PILOT SPORT 5,,265.00
Michelin,225/40R18 92Y PILOT SPORT 4 ZP ***RUNFLAT***,,330.00
Michelin,225/40R18 92Y PILOT SPORT 4 (*) BMW,,345.00
Winrun,235/45R19 99W R330,69.00,125.00
OPALS,235/45R19 99W FH888,77.00,130.00
Nexen,235/45R19 95H ROADIAN GTX,135.00,185.00
Hankook,235/45R19 95V K127C VENTUS S1 EVO3***Runflat***,260.00,320.00
Continental,235/45R19 95V ContiSportContact 5 SSR (MOE)***Runflat***,325.00,379.00
Bridgestone,235/45R19 99V TURANZA T005 (AR),349.00,410.00
Gripmax,235/45R19XL 99W STATURE H/T,1.00,1.00
SAFERICH,235/45R19 99V FRC866,76.00,120.00
GRENLANDER,235/45R19 95W L-ZeaL56,90.00,126.00
MINNELL,235/45R19 99W SAFY M06,85.00,145.00
KAPSEN,235/45R19 99Y K3000 ***RUNFLAT***,125.00,160.00
Nexen,235/45R19 95W N'FERA RU1,129.00,170.00
MINNELL,235/45R19 99W SAFY M06 ***Runflat***,120.00,175.00
Winrun,235/45R19 95W R330 ***Runflat***,125.00,175.00
Goodyear,235/45R19 95V EfficientGrip Performance,155.00,180.00
Ilink,235/45R19 95W L-ZEAL56 ***Runflat***,130.00,180.00
Yokohama,235/45R19 95V BluEarth E70NZ,130.00,185.00
DAVANTI,235/45R19 99W DX640,155.00,189.00
Kumho,235/45R19 99V TA91 MAJESTY 9 SOLUS EV,139.00,190.00
Landsail,235/45R19 95W LS588***Runflat***,143.00,193.00
Yokohama,235/45R19 95Y ADVAN SPORT V105S,160.00,210.00
Hankook,235/45R19 99V RH17 VENTUS S2 AS X,160.00,215.00
Goodyear,235/45R19 99Y Eagle F1 Asymmetric 3,190.00,225.00
Kumho,235/45R19 99Y PS71 ECSTA,175.00,225.00
Falken,235/45ZR19 99Y FK510 AZENIS,199.00,230.00
Goodyear,235/45R19 99H Eagle F1 Asymmetric 5 (DEMO),190.00,230.00
Kumho,235/45R19 99V PS71 ECSTA,175.00,230.00
Kumho,235/45R19 95W HP91 CRUGEN,180.00,235.00
Kumho,235/45R19 95H HP71 CRUGEN,180.00,240.00
Hankook,235/45R19 95V RA43 Dynapro HPX,190.00,245.00
Continental,235/45R19 95V ContiSportContact 5 SSR ***RUNFLAT***,199.00,249.00
Goodyear,235/45R19 99V Eagle F1 Asymmetric 6,190.00,255.00
Yokohama,235/45R19 95W ADVAN FLEVA V701,210.00,260.00
Pirelli,235/45R19 95H SCORPION VERDE ALL SEASON,220.00,265.00
Hankook,235/45R19 95V RA33 Dynapro HP2,230.00,275.00
Goodyear,235/45R19 95V EfficientGrip (MOE) ***Runflat***(Old Dot),230.00,280.00
Continental,235/45R19 99V ContiEcoContact 6 Q,230.00,290.00
Pirelli,235/45R19 99V SCORPION ZERO ASIMMETRICO,260.00,290.00
Bridgestone,235/45R19 95H Dueler HP Sport,250.00,295.00
Pirelli,235/45R19 99V P-ZERO PZ4 AS VOL ncs,,299.00
Bridgestone,235/45R19 95W POTENZA S001,,310.00
Goodyear,235/45R19 95H Eagle LS2 (MOE) ***Runflat***,,310.00
Michelin,235/45R19 99W PILOT SPORT ACOUSTIC,,310.00
Continental,235/45R19 99V ContiSportContact 5 SUV,,320.00
Michelin,235/45R19 99W PILOT SPORT EV ACOUSTIC,,325.00
Continental,235/45R19 99V ContiEcoContact 6 (VOL),,330.00
Michelin,235/45R19 99Y XL PILOT SPORT 4,,330.00
Goodyear,235/45R19 95V EfficientGrip (MOE) ***Runflat***,,350.00
Bridgestone,235/45R19 95V Dueler HP Sport ***RUNFLAT***,,360.00
Michelin,235/45R19 99Y PILOT SPORT 4 (S1),,360.00
Pirelli,235/45R19 99V SCORPION ZERO (ncs),,365.00
Bridgestone,235/45R19 99V TURANZA 6 (Enliten),,369.00
Michelin,235/45R19 95V PILOT SPORT 4 SUV ZP ***RUNFLAT***,,370.00
Continental,235/45R19 95H ContiProContact GX SSR***Runflat***,,375.00
Bridgestone,235/45R19 95V Dueler HP Sport (MOE) ***RUNFLAT***,,380.00
Pirelli,235/45R19 95V r-f SCORPION VERDE (MOE)***RUNFLAT***,,389.00
Continental,235/45R19 99V ContiPremiumContact 6 (VOL) ContiSilent,,420.00
Continental,235/45R19 99V ContiPremiumContact 6 (VOL),,420.00
Michelin,235/45R19 95V PILOT SPORT 4 SUV FRV ZP**Runflat***,,430.00
Michelin,235/45R19 99Y PILOT SPORT 5,,450.00
Michelin,235/45R19 99Y PILOT SPORT 4 (MO),,465.00
Continental,235/45R19 95V ContiSportContact 5,,999.00
SIMMONS TYRE,235/45R19 99Y SPORT ST005,,999.00
Sentury,245/35R20 95Y QIRIN 990 ***RUNFLAT***,99.00,150.00
Landsail,245/35R20 95Y LS588***Runflat***,110.00,160.00
Nexen,245/35R20 95Y N'FERA SU1,149.00,195.00
Kumho,245/35R20 95Y PS71 ECSTA,175.00,235.00
Dunlop,245/35R20 95Y SP SPORT MAXX 060+,229.00,289.00
Bridgestone,245/35R20 95W Adrenalin RE003,260.00,315.00
Bridgestone,245/35R20 95Y POTENZA SPORT,282.00,335.00
Bridgestone,245/35R20 95Y POTENZA RE050A (*) ***RUNFLAT***,310.00,370.00
Bridgestone,245/35R20 95Y POTENZA RE050A (HSV),315.00,370.00
Bridgestone,245/35R20 95Y POTENZA S007 (*),319.00,374.00
Continental,245/35R20 95Y ContiEcoContact 6 Q (MO),319.00,375.00
Continental,245/35R20 95Y ContiSportContact 7,345.00,399.00
Michelin,245/35R20 95Y PILOT SPORT 5,420.00,475.00
Michelin,245/35R20 95Y PILOT SPORT 4S,440.00,495.00
Pirelli,245/35R20 95Y r-f P-ZERO PZ4 (*) (MOE)***RUNFLAT***,440.00,499.00
Michelin,245/35R20 95Y PILOT SPORT 4S (MO),480.00,535.00
Pirelli,245/35R20 95Y PZERO TROFEO Race,650.00,720.00
Yokohama,245/35ZR20 95Y ADVAN SP V105,,0.00
APLUS,245/35R20 95W A607,67.00,99.00
SENTURY LANDSAIL,245/35R20 95Y QIRIN 990,65.00,110.00
YOMAR,245/35R20 95W SKYRACE P06,66.00,115.00
Winrun,245/35R20 95W R330,69.00,119.00
FORCELAND,245/35R20 95W VITALITY F22,66.00,120.00
SIMMONS TYRE,245/35R20 95W SPORT ST001,69.00,120.00
OPALS,245/35R20 95W FH888,70.00,123.00
Rapid,245/35R20 95W P609,67.00,125.00
Durun,245/35R20 95W DURUN,127.00,148.00
Dunlop,245/35R20 95W XL DIREZZA DZ102,99.00,149.00
Sumitomo,245/35R20 90W HTR22,150.00,150.00
Winrun,245/35R20 95W R330 (SILENT),110.00,155.00
Lexani,245/35R20 LEXANI LX SEVEN,127.00,159.00
Delinte,245/35R20 95Y DH6 ***Runflat***,105.00,160.00
Nexen,245/35R20 95Y N'FERA AU7,125.00,165.00
MINNELL,245/35R20 95W SAFY M06 ***Runflat***,115.00,169.00
Kumho,245/35R20 95W KU22,150.00,170.00
Ilink,245/35R20 95W L-ZEAL56 ***Runflat***,135.00,185.00
Toyo,245/35R20 95V EXTENSA HP TYEXH,165.00,195.00
Toyo,245/35ZR20 95W PROXES C1S,160.00,199.00
Toyo,245/35R20 95Y PROXES SPORT,175.00,199.00
Nitto,245/35R20 95W XL INVO,,200.00
Hankook,245/35R20 95Y K107 VENTUS S1 EVO,,210.00
Toyo,245/35ZR20 95Y PROXES T1 SPORT,,210.00
Dunlop,245/35R20 91Y SP Sport Maxx Race(N0)(DOT2015),,220.00
Dunlop,245/35R20 95Y SP Sport Maxx 050+,,220.00
Dunlop,245/35R20 95W Direzza DZ102+,,220.00
Hankook,245/35R20 95Y K120 VENTUS V12 EVO2,,225.00
Falken,245/35R20 95Y FK510 AZENIS,,229.00
Kumho,245/35R20 95W PA51 ECSTA,,235.00
Kumho,245/35R20 95Y PS91 ECSTA,,245.00
Hankook,245/35R20 95W V4ES,,250.00
Kumho,245/35R20 95Y PS72 ECSTA SPORT S,,250.00
Nitto,245/35R20 NT555,,250.00
Falken,245/35R20 95Y XL AZENIS FK520,,255.00
Pirelli,245/35R20 95W P-ZERO PZ4 (VOL)KS(2019DOT),,270.00
Pirelli,245/35R20 95Y DRAGON SPORT,,275.00
Continental,245/35R20 95Y ContiMaxContact MC6,,285.00
Pirelli,245/35R20 95Y P-ZERO PZ4 (S-I) (DOT19),,290.00
Pirelli,245/35R20 95Y POWERGY,,293.00
Hankook,245/35R20 95Y K127 VENTUS S1 EVO3,,300.00
Bridgestone,245/35R20 95Y POTENZA S001,,310.00
Pirelli,245/35R20 95Y P-ZERO PZ4 (S-I),,313.00
Michelin,245/35R20 95Y PILOT SUPER SPORT,,319.00
Yokohama,245/35R20 95Y ADVAN SPORT V105,,320.00
Continental,245/35R20 95Y ContiSportContact 6 (ContiSilent),,330.00
Toyo,245/35R20 95Y PROXES SPORT 2,,340.00
Yokohama,245/35R20 91Y ADVAN SPORT V107A,,340.00
Yokohama,245/35R20 95Y ADVAN SPORT V107,,340.00
Bridgestone,245/35R20 91Y POTENZA S007***RUNFLAT***,,399.00
Michelin,245/35R20 91Y PILOT SPORT CUP 2 (N0),,420.00
Pirelli,245/35R20 91Y P-ZERO PZ4 (NA0),,430.00
Pirelli,245/35R20 91Y PZERO (N1),,440.00
Pirelli,245/35R20 91Y P-ZERO PZ4 (NA1),,475.00
Pirelli,245/35R20 91Y PZERO (N0),,485.00
Toyo,245/35R20 95Y PROXES T1R,,497.00
Michelin,245/35R20 95Y PILOT SPORT 4S (N0),,590.00
HAIDA,225/65R17 102T HD828 All Terrain,75.00,125.00
Roadstone,225/65R17 102H ROADIAN HTX RH5,79.00,130.00
Winrun,225/65R17 102T MAXCLAW A/T,79.00,130.00
Hankook,225/65R17 102S RA23 Dynapro HP,95.00,145.00
Kumho,225/65R17 102H KR26 SENSE,95.00,145.00
COMFORSER,225/65R17 102T CF1100 A/T OWL,97.00,149.00
Nexen,225/65R17 102V ROADIAN GTX,101.00,155.00
Hankook,225/65R17 102H RA33 Dynapro HP2,115.00,165.00
Dunlop,225/65R17 102T Grandtrek ST30,119.00,169.00
Yokohama,225/65R17 102H ADVAN V03,115.00,169.00
Dunlop,225/65R17 102H Grandtrek PT3,119.00,170.00
Michelin,225/65R17 102H LTX FORCE,130.00,174.00
Hankook,225/65R17 102H RA43 Dynapro HPX,125.00,179.00
Kumho,225/65R17 102T HT51 CRUGEN,131.00,180.00
Pirelli,225/65R17 102H SCORPION VERDE ALL SEASON (SUV),145.00,190.00
Pirelli,225/65R17 102H SCORPION MS,146.00,199.00
Bridgestone,225/65R17 102V Ecopia H/L 001,159.00,210.00
Bridgestone,225/65R17 102V ALENZA A001,160.00,215.00
Maxxis,225/65R17 106H RAZR AT-811,159.00,215.00
Bridgestone,225/65R17 102H ALENZA A001,165.00,219.00
Bridgestone,225/65R17 102T Dueler H/T D470,168.00,220.00
Bridgestone,225/65R17 101S Dueler D687,169.00,230.00
Toyo,225/65R17 102H OPEN COUNTRY AT3,170.00,230.00
Bridgestone,225/65R17 102H DUELER A/T 002 RBT,179.00,240.00
Michelin,225/65R17 102H PRIMACY 4 SUV,190.00,245.00
Michelin,225/65R17 106V PILOT SPORT 4 SUV,225.00,285.00
BFGoodrich,225/65R17 107/103S ALL-TERRAIN T/A KO3,295.00,350.00
Yokohama,225/65R17 102H G91,,0.00
ATLAS,225/65R17 102H A51,68.00,85.00
THREE-A,225/65R17 102H ECOSAVER HT,62.00,89.00
HAIDA,225/65R17 102H HD668,60.00,109.00
Nexen,225/65R17 102H N'PRIZ AH7,88.00,109.00
YOMAR,225/65R17 102H SKYRACE P03,61.00,109.00
Nexen,225/65R17 102T N'PRIZ AH5,85.00,110.00
Winrun,225/65R17 102T MAXCLAW H/T2,63.00,110.00
MILEKING,225/65R17 102H MK668,69.00,115.00
OPALS,225/65R17 102H FH18,65.00,115.00
DOUBLE KING,225/65R17 102H DK365,85.00,125.00
Habilead,225/65R17 102H H202 ComfortMax AS H/T,75.00,125.00
Rapid,225/65R17 102H ECOSAVER HT,,125.00
TRANSMATE,225/65R17 102H WZD105,,125.00
Yokohama,225/65R17 102T BluEarth S33,,129.00
Continental,225/65R17 102H ContiCrossContact LX Sport,,130.00
Continental,225/65R17 102V ContiUltraContact UC6,,135.00
Nexen,225/65R17 102V CP672,,135.00
Yokohama,225/65R17 102H BluEarth AVID GT S35,,135.00
Goodyear,225/65R17 102V Wrangler Triplemax,,145.00
Hankook,225/65R17 106H SK10 ROAD FIT,,145.00
Kumho,225/65R17 100H KH16 SOLUS,,145.00
Kumho,225/65R17 102H ES33 ECOWING,,145.00
Kumho,225/65R17 102V KL33 CRUGEN,,149.00
Kumho,225/65R17 102H KL21 SOLUS,,149.00
Kumho,225/65R17 102V HS63 SOLUS,,149.00
Kumho,225/65R17 102V PS71 ECSTA,,155.00
Kumho,225/65R17 102T TA21 SOLUS,,155.00
Michelin,225/65R17 102H LATITUDE TOUR HP (DT),,155.00
Pirelli,225/65R17 102H P7EvoP,,159.00
Toyo,225/65R17 102H OPEN COUNTRY HT,,159.00
Continental,225/65R17 102V ContiCrossContact RX,,160.00
Goodyear,225/65R17 102V Assurance MaxGuard,,160.00
Kumho,225/65R17 102H KL33 CRUGEN,,160.00
Toyo,225/65R17 102H PROXES COMFORT MC1 SUV,,160.00
Continental,225/65R17 102H ContiCrossContact AX6,,165.00
Pirelli,225/65R17 102H SCORPION VERDE ALL SEASON,,165.00
Toyo,225/65R17 102H OPEN COUNTRY AT (PLUS),,165.00
Yokohama,225/65R17 102H GEOLANDAR G91 BluEarth (Demo),,165.00
Yokohama,225/65R17 102H ADVAN A349,,165.00
Continental,225/65R17 102H ContiProContact TX,,169.00
Continental,225/65R17 102H ContiCrossContact LX 2,,169.00
Dunlop,225/65R17 102V GRANDTREK PT5,,169.00
Dunlop,225/65R17 102V Grandtrek PT3,,170.00
Yokohama,225/65R17 106V ADVAN V61,,170.00
Yokohama,225/65R17 102H GEOLANDAR CV G058,,185.00
Yokohama,225/65R17 101H GEOLANDAR G91A,,195.00
Bridgestone,225/65R17 101H Dueler D687,,225.00
Sentury,225/55R18 98V QIRIN 990,61.00,110.00
Roadstone,225/55R18 102V NFERA RU5,79.00,135.00
Kumho,225/55R18 98H HS51 ECSTA,99.00,150.00
COMFORSER,225/55R18 108/105S 8PR CF1100 A/T,99.00,155.00
Nexen,225/55R18 97H N'PRIZ RH7(Outlander),109.00,155.00
Kumho,225/55R18 98V PS71 ECSTA,108.00,165.00
Continental,225/55R18 98H ContiProContact TX,121.00,175.00
Toyo,225/55R18 98V PROXES COMFORT MC1 SUV,129.00,180.00
Hankook,225/55R18 98V K135A VENTUS PRIME 4,139.00,189.00
MONSTA,225/55R18 102H TERRAIN GRIPPER OWL,135.00,190.00
Bridgestone,225/55R18 98H TURANZA 6,149.00,199.00
Pirelli,225/55R18 98H P8 FOURSEASON SUV,149.00,199.00
Hankook,225/55R18 98H H436 KINERGY GT,170.00,215.00
Pirelli,225/55R18 98H POWERGY,160.00,215.00
Dunlop,225/55R18 102Y SP Sport Maxx 050+,175.00,230.00
Hankook,225/55R18 102Y K127 VENTUS S1 EVO3 (*)(MO),170.00,230.00
Pirelli,225/55R18 98H SCORPION VERDE ALL SEASON,175.00,230.00
Bridgestone,225/55R18 102V TURANZA T005,185.00,235.00
Pirelli,225/55R18 98H SCORPION MS,170.00,240.00
Michelin,225/55R18 102V PRIMACY 4 ST,191.00,245.00
Yokohama,225/55R18 98H GEOLANDAR AT G015,199.00,255.00
Bridgestone,225/55R18 102Y TURANZA T005 (AO),210.00,260.00
Bridgestone,225/55R18 98H DUELER A/T 002,239.00,289.00
Bridgestone,225/55R18 98H ECOPIA H/L 422 PLUS,240.00,295.00
Bridgestone,225/55R18 98H Dueler H/L 400,249.00,309.00
Michelin,225/55R18 102Y PRIMACY 4 (AO1),250.00,310.00
Bridgestone,225/55R18 98V Dueler HP Sport,265.00,315.00
Bridgestone,225/55R18 102Y TURANZA 6 (*) (MO)(Enliten),290.00,350.00
Yokohama,225/55R18 98V E70A,,0.00
DERUIBO,225/55R18 98V DS01,1.00,1.00
Ilink,225/55R18 102W L-ZEAL56,71.00,102.00
YOMAR,225/55R18 102W SKYRACE P03,62.00,110.00
HAIDA,225/55R18 102V HD937,68.00,111.00
MARVELOUS,225/55R18 98V KENTROS (KS1),66.00,115.00
FORCELAND,225/55R18 98V VITALITY F22,66.00,119.00
HAIDA,225/55R18 98V HD837(HT),69.00,119.00
OPALS,225/55R18 98V FH18,69.00,119.00
Winrun,225/55R18 98V R330,65.00,119.00
Dunlop,225/55R18 98H SP Sport 5000 (Demo),99.00,120.00
Sentury,225/55R18 98V QIRIN EV,,120.00
Sentury,225/55R18 98V QIRIN EV(XYM)(Silent Foam),,120.00
MINNELL,225/55R18 102W SAFY M06,,125.00
HAIDA,225/55R18 98V HD937,,130.00
Rapid,225/55R18 98V ECOSPORT,,132.00
Goodyear,225/55R18 98H Eagle LS2 (Demo),,140.00
Nexen,225/55R18 98H CP672,,140.00
Pirelli,225/55R18 102V P1 CINT SUV(OLD DOT),,140.00
Kumho,225/55R18 98V HS63 SOLUS,,149.00
Kumho,225/55R18 102H KL21 SOLUS,,155.00
Nexen,225/55R18 102V ROADIAN GTX,,160.00
Yokohama,225/55R18 102V GEOLANDAR CV G058,,175.00
Continental,225/55R18 102H ContiProContact GX (*),,180.00
Dunlop,225/55R18 102Y SP SPORT MAXX 060+,,195.00
Falken,225/55R18 102W FK510 AZENIS,,195.00
Nexen,225/55R18 102V N'FERA RU5,,195.00
Continental,225/55R18 102V ContiComfortContact CC6,,199.00
Goodyear,225/55R18 102Y XL EfficientGrip Performance (AO),,199.00
Continental,225/55R18 102Y ContiUltraContact UC7,,200.00
Goodyear,225/55R18 102V EFFICIENT GRIP PERFORMANCE (VOL)SUV,,215.00
Bridgestone,225/55R18 102Y TURANZA T005 (AO1),,220.00
Toyo,225/55R18 102V PROXES ST3,,225.00
Bridgestone,225/55R18 102V TURANZA T005 (B-SEAL),,230.00
Michelin,225/55R18 102V E PRIMACY ST,,235.00
Bridgestone,225/55R18 102V TURANZA 6 AS ENL,,249.00
Vredestein,225/55R18 102Y ULTRAC VORTI R (*)BMW,,250.00
Continental,225/55R18 102Y ContiEcoContact 6 Q (*)MO,,255.00
Pirelli,225/55R18 102Y P7 CINT (A01),,270.00
Michelin,225/55R18 102V PRIMACY 4,,275.00
Michelin,225/55R18 102Y PRIMACY 4 (AO2),,275.00
BFGoodrich,225/55R18 102H TRAIL TERRAIN T/A,,280.00
Michelin,225/55R18 102V PRIMACY 5,,285.00
Pirelli,225/55R18 102Y P7 CINT(AO)KS),,285.00
Pirelli,225/55R18 102Y P7 CINT (AO),,318.00
Michelin,225/55R18 102V PRIMACY 3 ST,,320.00
SIMMONS TYRE,225/55R18 102W SPORT ST005,,999.00
COMFORSER,225/60R18 104T CF1100 A/T OWL,105.00,160.00
Kumho,225/60R18 104H HP91 CRUGEN,115.00,165.00
Nexen,225/60R18 104H ROADIAN GTX,111.00,165.00
Kumho,225/60R18 100H HS51 ECSTA,115.00,170.00
Kumho,225/60R18 100H KL33 CRUGEN,119.00,175.00
Kumho,225/60R18 100H HS63 SOLUS,129.00,185.00
Yokohama,225/60R18 104V BluEarth-XT AE61,131.00,185.00
Hankook,225/60R18 100H RA33 Dynapro HP2,140.00,189.00
MONSTA,225/60R18 104H TERRAIN GRIPPER OWL,145.00,199.00
Dunlop,225/60R18 100H GRANDTREK PT5,149.00,205.00
Bridgestone,225/60R18 100H TURANZA 6,169.00,225.00
Pirelli,225/60R18 100H POWERGY,169.00,225.00
Goodyear,225/60R18 100V Assurance MaxGuard,179.00,230.00
Bridgestone,225/60R18 100V Dueler HP Sport (Demo),175.00,240.00
Pirelli,225/60R18 100V SCORPION MS,189.00,260.00
Yokohama,225/60R18 104H GEOLANDAR AT G015,210.00,265.00
Pirelli,225/60R18 104W r-f P7 CINT (*)***RUNFLAT***,225.00,269.00
Bridgestone,225/60R18 100H Dueler H/L 33,220.00,275.00
Bridgestone,225/60R18 100H Dueler HP Sport,245.00,299.00
Bridgestone,225/60R18 100V Dueler HP Sport,249.00,305.00
Bridgestone,225/60R18 100H ALENZA A001(Rav4),260.00,315.00
Bridgestone,225/60R18 100V Ecopia H/L 001,260.00,315.00
Michelin,225/60R18 100V PILOT SPORT 4 SUV,299.00,360.00
Nexen,225/60R18 100H N'PRIZ RH7 (Demo),55.00,85.00
Maxtrek,225/60R18 100V SIERRA S6,55.00,99.00
Rapid,225/60R18 100H ECOSAVER HT,69.00,110.00
MILEKING,225/60R18 100V MK668,62.00,112.00
HAIDA,225/60R18 100V HD668,70.00,115.00
MARVELOUS,225/60R18 100V KENTROS (KS1),69.00,115.00
MILEKING,225/60R18 100V MK937,69.00,115.00
HAIDA,225/60R18 100V HD937,75.00,118.00
THREE-A,225/60R18 100H ECOSAVER,75.00,130.00
Nexen,225/60R18 100H N'PRIZ AH7,115.00,140.00
Yokohama,225/60R18 100V BluEarth RV02,129.00,155.00
Nexen,225/60R18 100H ROADIAN GTX SUV,109.00,159.00
Toyo,225/60R18 100W PROXES CF2,135.00,160.00
Falken,225/60R18 100H ZE914 ECORUN,120.00,165.00
Yokohama,225/60R18 100H ADVAN V03A,119.00,170.00
Hankook,225/60R18 100V RH17 VENTUS S2 AS X,119.00,175.00
Toyo,225/60R18 100H PROXES COMFORT MC1 SUV,,175.00
Bridgestone,225/60R18 100H ALENZA A001(Rav4)(Demo),,180.00
Dunlop,225/60R18 100V SP SPORT LM705,,180.00
Hankook,225/60R18 100V K127A VENTUS S1 EVO3,,180.00
Hankook,225/60R18 100H RA43 Dynapro HPX,,185.00
Kumho,225/60R18 107H ENNOV SPORT VS73(SILENT),,185.00
Kumho,225/60R18 100H PS71 ECSTA,,185.00
Nexen,225/60R18 100V N'FERA RU5,,185.00
Yokohama,225/60R18 100H BluEarth AVID GT S35,,185.00
Yokohama,225/60R18 100H GEOLANDAR CV G058,,185.00
Hankook,225/60R18 100H IK01A ION EVO AS,,189.00
Goodyear,225/60R18 100V EfficientGrip Performance SUV,,190.00
Continental,225/60R18 100V ContiUltraContact UC6 SUV,,195.00
Pirelli,225/60R18 100W P7,,195.00
Toyo,225/60R18 100H OPEN COUNTRY UT,,195.00
Yokohama,225/60R18 100H BluEarth-XT AE61,,199.00
Bridgestone,225/60R18 100H Dueler H/L 33 (Demo),,200.00
Dunlop,225/60R18 100V Grandtrek PT3,,200.00
Continental,225/60R18 100H ContiSportContact 5 SUV,,205.00
Continental,225/60R18 100V ContiTechContact 6,,205.00
Dunlop,225/60R18 100H FM800,,209.00
Goodyear,225/60R18 100H OPTILIFE 3 SUV,,210.00
Goodyear,225/60R18 100H EfficientGrip Performance SUV,,210.00
Goodyear,225/60R18 100V EfficientGrip SUV,,210.00
Goodyear,225/60R18 100H EFFICIENT GRIP 2 SUV,,210.00
Yokohama,225/60R18 100H PARADA SPEC-X PA02,,210.00
Dunlop,225/60R18 100H Grandtrek PT30,,215.00
Dunlop,225/60R18 100H Grandtrek ST30,,220.00
Falken,225/60R18 100H WILDPEAK AT TRAIL,,220.00
Bridgestone,225/60R18 100H Alenza H/L 33 (Demo),,225.00
Bridgestone,225/60R18 100V ALENZA H/L 33 (DEMO),,225.00
Bridgestone,225/60R18 100V TURANZA T005,,229.00
Hankook,225/60R18 100W K120 VENTUS V12 EVO2,,229.00
Yokohama,225/60R18 100H GEOLANDAR G055 SUV,,229.00
Michelin,225/60R18 100H PRIMACY SUV+,,309.00
SIMMONS TYRE,225/60R18 104V SPORT ST005,,999.00
OPALS,225/55R19 99Y FH18,75.00,125.00
Winrun,225/55R19 99V R330,74.00,125.00
COMFORSER,225/55R19 103V EF1500 AT,105.00,160.00
Nexen,225/55R19 99V ROADIAN GTX,125.00,180.00
Nexen,225/55R19 103V ROADIAN GTX,135.00,185.00
Kumho,225/55R19 99V HS51 ECSTA,135.00,190.00
Kumho,225/55R19 106H ENNOV SPORT VS73 (Silent),137.00,195.00
Kumho,225/55R19 99V HS63 SOLUS,139.00,195.00
Kumho,225/55R19 99V PS71 ECSTA,145.00,199.00
Kumho,225/55R19 99H KL33 CRUGEN PREMIUM,160.00,211.00
Yokohama,225/55R19 99V GEOLANDAR CV G058,160.00,215.00
Hankook,225/55R19 99V RA33 Dynapro HP2,165.00,220.00
Falken,225/55R19 99V WILDPEAK AT TRAIL,170.00,225.00
Dunlop,225/55R19 99V GRANDTREK PT5,185.00,230.00
Pirelli,225/55R19 99V POWERGY,180.00,235.00
Pirelli,225/55R19 99V SCORPION MS,190.00,240.00
Bridgestone,225/55R19 99H ECOPIA H/L 422 PLUS,310.00,360.00
General,225/55R19 103V XL FR GRABBER GT,,0.00
SONIX,225/55R19 99V L-ZEAL 56,60.00,99.00
Laufenn,225/55R19 99V LH01 S FIT AS,75.00,110.00
Maxtrek,225/55R19 99V SIERRA S6,65.00,110.00
Powertrac,225/55R19 103V XL CITYRACING,95.00,110.00
MARVELOUS,225/55R19 99V KENTROS (KS1),69.00,115.00
YOMAR,225/55R19 99V SKYRACE P06,67.00,119.00
Rapid,225/55R19 99V ECOSPORT,69.00,125.00
MINNELL,225/55R19 99V SAFY M06,79.00,130.00
Kumho,225/55R19 99V KL33 CRUGEN (DEMO),120.00,170.00
Kumho,225/55R19 99H KH16 SOLUS,149.00,175.00
Yokohama,225/55R19 99V GEOLANDAR G91AV BlueEarth,135.00,190.00
Dunlop,225/55R19 99V Grandtrek PT3,150.00,195.00
Hankook,225/55R19 99V K125 VENTUS PRIME 3,170.00,195.00
Bridgestone,225/55R19 99V ALENZA A001,145.00,199.00
Hankook,225/55R19 99V RH17 VENTUS S2 AS X,145.00,199.00
Hankook,225/55R19 99V K127A VENTUS S1 EVO3 (DEMO,170.00,200.00
Kumho,225/55R19 99H PS71 ECSTA,155.00,205.00
Dunlop,225/55R19 99V SP SPORT LM705,155.00,209.00
Kumho,225/55R19 99V KL33 CRUGEN PREMIUM,165.00,210.00
Kumho,225/55R19 99V HP71 CRUGEN,159.00,210.00
Toyo,225/55R19 99V PROXES T1 SPORT SUV,180.00,210.00
Yokohama,225/55R19 99V GEOLANDAR X-CV G057,,210.00
Yokohama,225/55R19 99V GEOLANDAR SUV G055 HT (ECO),,210.00
Goodyear,225/55R19 99V Assurance MaxGuard,,220.00
Goodyear,225/55R19 99V EfficientGrip Performance SUV,,220.00
Goodyear,225/55R19 99V EfficientGrip SUV,,220.00
Pirelli,225/55R19 99V SCORPION VERDE ALL SEASON (KS)(DEMO),,220.00
Pirelli,225/55R19 99H SCORPION VERDE,,220.00
Toyo,225/55R19 99V OPEN COUNTRY UT,,220.00
Hankook,225/55R19 99V K135 VENTUS PRIME 4,,225.00
Kumho,225/55R19 103Y PS71 ECSTA EV,,225.00
Yokohama,225/55R19 99V BluEarth-XT AE61,,225.00
Continental,225/55R19 103V ContiPremiumContact 6,,230.00
Continental,225/55R19 99V ContiUltraContact UC6 SUV,,230.00
Continental,225/55R19 99H ContiPremiumContact C,,230.00
Hankook,225/55R19 103Y K127E VENTUS S1 EVO3 (NFO)(EV)(Old DOT),,230.00
Kumho,225/55R19 99W PS71 ECSTA,,230.00
Toyo,225/55R19 99V PROXES CF2 SUV,,230.00
Toyo,225/55R19 99V PROXES SPORT B,,230.00
Continental,225/55R19 99V ContiPremiumContact 6,,235.00
Hankook,225/55R19 99V K127A VENTUS S1 EVO3,,235.00
Hankook,225/55R19 99H H426 OPTIMO,,235.00
Pirelli,225/55R19 99V SCORPION VERDE ALL SEASON (KS),,235.00
Pirelli,225/55R19 99V SCORPION VERDE ALL SEASON,,235.00
Continental,225/55R19 99V ContiTechContact 6,,240.00
Toyo,225/55R19 99V PROXES CR1S,,240.00
Toyo,225/55R19 99V PROXES R36,,245.00
Toyo,225/55R19 99V PROXES R46 (CX5) (Demo),,245.00
Pirelli,225/55R19 99V SCORPION VERDE,,250.00
Falken,225/55R19 99V ZIEX CT60 A/S,,260.00
Bridgestone,225/55R19 103H TURANZA T005,,275.00
Bridgestone,225/55R19 99V TURANZA T005,,285.00
Michelin,225/55R19 103V E PRIMACY,,285.00
Hankook,225/55R19 103Y K127E VENTUS S1 EVO3 (NFO)(EV),,305.00
Continental,225/55R19 103Y ContiPremiumContact 6 (NFO),,325.00
Michelin,225/55R19 103Y PILOT SPORT 4 (NF0),,410.00
SIMMONS TYRE,225/55R19 99V SPORT ST005,,999.00
Nexen,225/45R19 96W NFERA SU1,135.00,190.00
Falken,225/45R19 96Y FK510 AZENIS SUV,149.00,204.00
Falken,225/45R19 96Y AZENIS FK520,160.00,210.00
Dunlop,225/45R19 92W SP SPORT MAXX 060+,180.00,230.00
Kumho,225/45R19 96Y PS72 ECSTA SPORT (EV),175.00,230.00
Kumho,225/45R19 96Y PS71 ECSTA,169.00,235.00
Continental,225/45R19 96W ContiUltraContact UX7,195.00,249.00
Pirelli,225/45R19 96W POWERGY,229.00,290.00
Hankook,225/45R19 92W K127B VENTUS S1 EVO 3 (*) ***RUNFLAT***,249.00,299.00
Yokohama,225/45R19 96Y ADVAN SPORT V107 (*),249.00,310.00
Bridgestone,225/45R19 92W TURANZA T005A,280.00,340.00
Continental,225/45R19 96W ContiEcoContact 6 (*) SSR***Runflat***(BMW),285.00,350.00
Pirelli,225/45R19 92W P-ZERO PZ4 (*) ***Runflat***,295.00,360.00
Dunlop,225/45R19 92W SP Sport Maxx RT 2 (*) ***Runflat***,305.00,365.00
Bridgestone,225/45R19 92W POTENZA S001 (*) ***RUNFLAT***,310.00,370.00
Michelin,225/45R19 96Y PILOT SPORT 5,345.00,399.00
Goodyear,225/45R19 96W Eagle F1 Asymmetric 3 (*),350.00,410.00
Michelin,225/45R19 96Y XL PILOT SPORT 4S,390.00,450.00
Michelin,225/45R19 96W PILOT SPORT 4 (*) BMW,409.00,469.00
SAFERICH,225/45R19 96W FRC866,78.00,105.00
Kleber,225/45R19 96W DYNAXER HP5 SUV,60.00,110.00
Winrun,225/45R19 96W R330,64.00,110.00
MARVELOUS,225/45R19 92V KENTROS (KS1),66.00,120.00
OPALS,225/45R19 96W FH888,73.00,125.00
FORCELAND,225/45R19 96W VITALITY F22,74.00,130.00
Ilink,225/45R19 96W THUNDER U09,89.00,130.00
Rapid,225/45R19 96W ECOSPORT,81.00,130.00
Nankang,225/45ZR19 96W AS-1,,163.00
Nexen,225/45R19 96W NFERA AU7,120.00,165.00
Nexen,225/45R19 96W XL N'FERA SU4,119.00,165.00
Roadstone,225/45R19 96W EUROVIS SPORT 04,110.00,165.00
Yokohama,225/45R19 92W ADVAN FLEVA V701,145.00,185.00
MINNELL,225/45R19 96W SAFY M06 ***Runflat***,140.00,190.00
Goodride,225/45R19 96W SOLMAX1 (ZRT)***Runflat***,155.00,199.00
Hankook,225/45R19 96V H462 VENTUS S2 AS,159.00,210.00
PACE,225/45R19 92W ALVENTI ***Runflat***,199.00,229.00
Pirelli,225/45R19 96W XL P1 CINT,190.00,230.00
Toyo,225/45R19 96W PROXES CF2 SUV,185.00,230.00
Kumho,225/45R19 92W PA51 ECSTA,185.00,235.00
Pirelli,225/45R19 96W DRAGON SPORT,,235.00
Hankook,225/45R19 96Y K120 VENTUS V12 EVO2,,240.00
Michelin,225/45R19 96Y PILOT SUPER SPORT,,240.00
Toyo,225/45R19 96Y PROXES SPORT,,240.00
Continental,225/45R19 96W ContiSportContact 5,,245.00
Yokohama,225/45R19 96W BluEarth-GT AE51,,245.00
Yokohama,225/45R19 96W ADVAN dB V553,,245.00
Yokohama,225/45R19 92W ADVAN DB Decibel V551,,255.00
Continental,225/45R19 96W ContiTechContact 6,,259.00
Pirelli,225/45R19 92W r-f PZERO (*)***RUNFLAT***(DOT 2021),,260.00
Hankook,225/45R19 96W K127 VENTUS S1 EVO3,,265.00
Bridgestone,225/45R19 92W TURANZA T005A(DEMO),,275.00
Hankook,225/45R19 96Y K127 VENTUS S1 EVO3,,275.00
Hankook,225/45R19 96Y H452 VENTUS S1 NOBLE 2,,275.00
Dunlop,225/45R19 92W SP Sport Maxx RT 2 (*) ***Runflat*** (Demo),,280.00
Yokohama,225/45R19 96W ADVAN FLEVA V701,,280.00
Bridgestone,225/45R19 92W POTENZA RE050A,,285.00
Bridgestone,225/45R19 96Y POTENZA S001,,285.00
Bridgestone,225/45R19 92W Dueler HP Sport,,295.00
Goodyear,225/45R19 96W XL Eagle F1 Asymmetric 5,,299.00
Bridgestone,225/45R19 96W POTENZA RE050A,,310.00
Continental,225/45R19 96W ContiPremiumContact 6,,310.00
Continental,225/45R19 92W ContiPremiumContact 6 (*) SSR***Runflat*** (BMW),,315.00
Bridgestone,225/45R19 92W TURANZA T001(Mazda6),,330.00
Dunlop,225/45R19 96W SP Sport Maxx RT,,330.00
Bridgestone,225/45R19 96Y POTENZA SPORT,,340.00
Goodyear,225/45R19 96W Eagle F1 Asymmetric 6,,340.00
Michelin,225/45R19 96W PILOT SPORT 4,,350.00
Continental,225/45R19 92W ContiSportContact 5 (*) SSR***Runflat***,,360.00
Continental,225/45R19 96W ContiEcoContact 6 (*),,360.00
Pirelli,225/45R19 92W r-f PZERO (*)***RUNFLAT***,,370.00
Pirelli,225/45R19 96W XL r-f P-ZERO PZ4 (*)***RUNFLAT***,,375.00
Pirelli,225/45R19 92W XL r-f P7 CINT (*)***RUNFLAT***,,399.00
Goodyear,225/45R19 96W Eagle F1 Asymmetric 3 (*) ***Runflat***,,445.00
SIMMONS TYRE,225/45R19 96Y SPORT ST005,,999.00
Yokohama,225/45R19 92W BluEarth-XT AE61,,999.00
OPALS,255/45R20 105W FH888 EV,78.00,135.00
Winrun,255/45R20 101W R330***Runflat***,135.00,190.00
Goodyear,255/45R20 101T EfficientGrip Performance,169.00,225.00
Kumho,255/45R20 105W PS71 ECSTA,169.00,225.00
Continental,255/45R20 105H ContiCrossContact RX,175.00,230.00
Yokohama,255/45R20 105W GEOLANDAR CV G058,180.00,235.00
Kumho,255/45R20 108W ENNOV SPORT VS73(SILENT),190.00,240.00
Bridgestone,255/45R20 105Y TURANZA 6(Demo),189.00,245.00
Nexen,255/45R20 101W ROADIAN GTX(Outlander),210.00,265.00
Goodyear,255/45R20 105Y Eagle F1 Asymmetric 6(*),280.00,340.00
Hankook,255/45R20 105Y K127B VENTUS S1 EVO3***Runflat***,280.00,340.00
Bridgestone,255/45R20 101W Dueler HP Sport (MOE) ***RUNFLAT***(Demo),299.00,360.00
Bridgestone,255/45R20 105Y TURANZA 6 (*) BMW,300.00,360.00
Pirelli,255/45R20 101V SCORPION VERDE,310.00,370.00
Continental,255/45R20 101W ContiUltraContact UC6 SSR ***Runflat***,335.00,389.00
Pirelli,255/45R20 101W SCORPION VERDE ***RUNFLAT***,339.00,399.00
Pirelli,255/45R20 105V XL SCORPION ZERO,339.00,406.00
Michelin,255/45R20 101V PRIMACY 4 (S1),360.00,410.00
Bridgestone,255/45R20 101W Dueler HP Sport (MOE) ***RUNFLAT***,375.00,430.00
Pirelli,255/45R20 101W SCORPION VERDE (AO),360.00,430.00
Continental,255/45R20 105W ContiEcoContact 6 Q (MO),375.00,435.00
Pirelli,255/45R20 105Y PZERO E Rnf Elt***,375.00,440.00
Pirelli,255/45R20 101Y P-ZERO PZ4 (AR),410.00,465.00
Pirelli,255/45R20 101W r-f SCORPION VERDE (MOE)***RUNFLAT***,410.00,470.00
Pirelli,255/45R20 105V P-ZERO PZ4 (VOL),410.00,482.00
Pirelli,255/45R20 105H P-ZERO PZ4 MO-S ncs elt,425.00,497.00
Michelin,255/45R20 105V LATITUDE SPORT 3 (VOL),470.00,535.00
Dunlop,255/45R20 101W SP SPORT MAXX GT,,0.00
Powertrac,255/45R20 105W XL RACINGSTAR,94.00,109.00
SONIX,255/45R20 105W L-ZEAL 56,80.00,125.00
MARVELOUS,255/45R20 101V KENTROS (KS1),82.00,130.00
Winrun,255/45R20 105W R330,80.00,135.00
Rapid,255/45R20 101W ECOSPORT,95.00,140.00
KAPSEN,255/45R20 105W RS26 PracticalMax H/P,106.00,150.00
GRENLANDER,255/45R20 105W L-ZeaL56,108.00,158.00
Landsail,255/45R20 101W LS588 ***Runflat***,140.00,190.00
Yokohama,255/45R20 101W XC58C,179.00,209.00
Continental,255/45R20 101V ContiUltraContact UC6,175.00,230.00
Goodyear,255/45R20 101W Excellence (AO) DOT,175.00,230.00
Continental,255/45R20 101W ContiPremiumContact C,,240.00
Dunlop,255/45R20 101W SP Sport Maxx 050,,240.00
Goodyear,255/45R20 101V Eagle RSA (DEMO),,240.00
Kumho,255/45R20 101H HP71 CRUGEN,,245.00
Goodyear,255/45R20 101W EXCELLENCE (AO),,249.00
Continental,255/45R20 101H XL ContiCrossContact LX Sport,,275.00
Bridgestone,255/45R20 101W ECOPIA H/L EP422 PLUS (DEMO),,280.00
Hankook,255/45R20 101V K127E VENTUS S1 EVO3,,280.00
Bridgestone,255/45R20 101W ALENZA A001 (Demo),,285.00
Dunlop,255/45R20 101W GRANDTREK PT5,,295.00
Bridgestone,255/45R20 101W ECOPIA H/L EP422 PLUS,,299.00
Kumho,255/45R20 101V PS71 ECSTA,,300.00
Dunlop,255/45R20 101W SP Sport Maxx 050+,,310.00
Bridgestone,255/45R20 101V Dueler HP Sport,,325.00
Continental,255/45R20 101H ContiCrossContact LX Sport (AR),,340.00
Michelin,255/45R20 101W LATITUDE SPORT 3 (DT) (DEMO),,350.00
Michelin,255/45R20 101W LATITUDE SPORT 3 (DT),,370.00
Michelin,255/45R20 101V PRIMACY 4 ACOUSTIC DT SUV,,370.00
Continental,255/45R20 101W ContiSportContact 5 (AO) SUV,,410.00
Pirelli,255/45R20 101H SCORPION VERDE ALL SEASON (AO),,425.00
Goodyear,255/45R20 101Y EfficientGrip (*)***Runflat***,,430.00
Michelin,255/45R20 101W LATITUDE SPORT (AO),,430.00
Pirelli,255/45R20 101W r-f SCORPION VERDE (MOE)***RUNFLAT***(DEMO),,430.00
Bridgestone,255/45R20 101W Dueler HP Sport (AO) (Japan),,455.00
Pirelli,255/45R20 101W SCORPION VERDE (MO),,456.00
Continental,255/45R20 101H ContiCrossContact LX Sport (AO),,460.00
Bridgestone,255/45R20 101W ALENZA A001 ***RUNFLAT***,,470.00
Michelin,255/45R20 101W LATITUDE SPORT 3 (AO1),,470.00
Michelin,255/45R20 101V PRIMACY 4,,480.00
Michelin,255/45R20 105W PILOT SPORT 4 SUV (MO),,490.00
Michelin,255/45R20 101W LATITUDE SPORT 3 (MO),,495.00
Michelin,255/45R20 101W PILOT SPORT 4 SUV (ZP) ***RUNFLAT***,,505.00
Michelin,255/45R20 101W LATITUDE SPORT 3 (AO),,510.00
Michelin,255/45R20 105Y LATITUDE SPORT 3 (MO),,520.00
Bridgestone,255/45R20 101W ALENZA A001,,999.00
SIMMONS TYRE,255/45R20 105W SPORT ST005,,999.00
