Sold-to,Group,Ship_to,(TTL) SR_Rebate_Code
725741,,,ALL_ALL_AMM_A
736240,,,ALL_ALL_FEN_Q
724390,,,ALL_ALL_TEL_Q
A028193,,,HK_ALL_RRS_A
738270,,,HK_ALL_DIC_A
A014789,,,HK_ALL_DIB_A
A029006,,,HK_ALL_DIB_A
724390,,,HK_ALL_DIA_A
728841,,,HK_ALL_DIA_A
729257,,,HK_ALL_DIA_A
729697,,,HK_ALL_DIA_A
731711,,,HK_ALL_DIA_A
731721,,,HK_ALL_DIA_A
731932,,,HK_ALL_DIA_A
732209,,,HK_ALL_DIA_A
732676,,,HK_ALL_DIA_A
734063,,,HK_ALL_DIA_A
736240,,,HK_ALL_DIA_A
A005271,,,HK_ALL_DIA_A
A012112,,,HK_ALL_DIA_A
A013176,,,HK_ALL_DIA_A
A015348,,,HK_ALL_DIA_A
A021829,,,HK_ALL_DIA_A
A024737,,,HK_ALL_DIA_A
A026640,,,HK_ALL_DIA_A
724298,,,HK_ALL_MTS_A
724336,,,HK_ALL_MTS_A
724398,,,HK_ALL_MTS_A
725203,,,HK_ALL_MTS_A
732154,,,HK_ALL_MTS_A
732426,,,HK_ALL_MTS_A
733527,,,HK_ALL_MTS_A
737246,,,HK_ALL_MTS_A
A000430,,,HK_ALL_MTS_A
A001288,,,HK_ALL_MTS_A
A009715,,,HK_ALL_MTS_A
A010021,,,HK_ALL_MTS_A
A010022,,,HK_ALL_MTS_A
A012876,,,HK_ALL_MTS_A
A013576,,,HK_ALL_MTS_A
A019313,,,HK_ALL_MTS_A
A019556,,,HK_ALL_MTS_A
A019598,,,HK_ALL_MTS_A
A020888,,,HK_ALL_MTS_A
A021758,,,HK_ALL_MTS_A
A021820,,,HK_ALL_MTS_A
A022014,,,HK_ALL_MTS_A
A022113,,,HK_ALL_MTS_A
A022194,,,HK_ALL_MTS_A
A022298,,,HK_ALL_MTS_A
A022405,,,HK_ALL_MTS_A
A022931,,,HK_ALL_MTS_A
A024357,,,HK_ALL_MTS_A
A024641,,,HK_ALL_MTS_A
A024643,,,HK_ALL_MTS_A
A025305,,,HK_ALL_MTS_A
A025466,,,HK_ALL_MTS_A
A025707,,,HK_ALL_MTS_A
A025713,,,HK_ALL_MTS_A
A026582,,,HK_ALL_MTS_A
A027178,,,HK_ALL_MTS_A
A027322,,,HK_ALL_MTS_A
A027598,,,HK_ALL_MTS_A
A027673,,,HK_ALL_MTS_A
A027724,,,HK_ALL_MTS_A
A028385,,,HK_ALL_MTS_A
A028478,,,HK_ALL_MTS_A
A028494,,,HK_ALL_MTS_A
A028608,,,HK_ALL_MTS_A
A028674,,,HK_ALL_MTS_A
A028789,,,HK_ALL_MTS_A
100142,,,HK_ALL_GLD_A
724265,,,HK_ALL_GLD_A
724322,,,HK_ALL_GLD_A
724363,,,HK_ALL_GLD_A
724379,,,HK_ALL_GLD_A
724380,,,HK_ALL_GLD_A
724410,,,HK_ALL_GLD_A
724577,,,HK_ALL_GLD_A
724579,,,HK_ALL_GLD_A
727908,,,HK_ALL_GLD_A
728289,,,HK_ALL_GLD_A
728762,,,HK_ALL_GLD_A
729723,,,HK_ALL_GLD_A
730273,,,HK_ALL_GLD_A
731634,,,HK_ALL_GLD_A
731641,,,HK_ALL_GLD_A
731715,,,HK_ALL_GLD_A
731722,,,HK_ALL_GLD_A
731976,,,HK_ALL_GLD_A
731996,,,HK_ALL_GLD_A
732131,,,HK_ALL_GLD_A
732162,,,HK_ALL_GLD_A
732208,,,HK_ALL_GLD_A
732317,,,HK_ALL_GLD_A
732356,,,HK_ALL_GLD_A
732451,,,HK_ALL_GLD_A
732458,,,HK_ALL_GLD_A
732485,,,HK_ALL_GLD_A
732643,,,HK_ALL_GLD_A
732762,,,HK_ALL_GLD_A
733197,,,HK_ALL_GLD_A
733416,,,HK_ALL_GLD_A
734210,,,HK_ALL_GLD_A
734834,,,HK_ALL_GLD_A
734921,,,HK_ALL_GLD_A
735189,,,HK_ALL_GLD_A
736187,,,HK_ALL_GLD_A
736242,,,HK_ALL_GLD_A
736362,,,HK_ALL_GLD_A
736432,,,HK_ALL_GLD_A
736501,,,HK_ALL_GLD_A
736525,,,HK_ALL_GLD_A
736532,,,HK_ALL_GLD_A
736634,,,HK_ALL_GLD_A
737616,,,HK_ALL_GLD_A
737817,,,HK_ALL_GLD_A
739205,,,HK_ALL_GLD_A
739519,,,HK_ALL_GLD_A
742268,,,HK_ALL_GLD_A
742667,,,HK_ALL_GLD_A
729020,,,HK_ALL_GLD_A
729338,,,HK_ALL_GLD_A
734903,,,HK_ALL_GLD_A
A000037,,,HK_ALL_GLD_A
A000038,,,HK_ALL_GLD_A
A001393,,,HK_ALL_GLD_A
A001494,,,HK_ALL_GLD_A
A001641,,,HK_ALL_GLD_A
A004109,,,HK_ALL_GLD_A
A005468,,,HK_ALL_GLD_A
A005553,,,HK_ALL_GLD_A
A006776,,,HK_ALL_GLD_A
A007188,,,HK_ALL_GLD_A
A007192,,,HK_ALL_GLD_A
A007335,,,HK_ALL_GLD_A
A007888,,,HK_ALL_GLD_A
A008086,,,HK_ALL_GLD_A
A008364,,,HK_ALL_GLD_A
A008418,,,HK_ALL_GLD_A
A008712,,,HK_ALL_GLD_A
A009718,,,HK_ALL_GLD_A
A010307,,,HK_ALL_GLD_A
A010462,,,HK_ALL_GLD_A
A010645,,,HK_ALL_GLD_A
A010646,,,HK_ALL_GLD_A
A010721,,,HK_ALL_GLD_A
A010918,,,HK_ALL_GLD_A
A011113,,,HK_ALL_GLD_A
A011634,,,HK_ALL_GLD_A
A012015,,,HK_ALL_GLD_A
A012016,,,HK_ALL_GLD_A
A012094,,,HK_ALL_GLD_A
A012312,,,HK_ALL_GLD_A
A012400,,,HK_ALL_GLD_A
A012697,,,HK_ALL_GLD_A
A013090,,,HK_ALL_GLD_A
A013398,,,HK_ALL_GLD_A
A013422,,,HK_ALL_GLD_A
A013560,,,HK_ALL_GLD_A
A013574,,,HK_ALL_GLD_A
A013829,,,HK_ALL_GLD_A
A013969,,,HK_ALL_GLD_A
A014267,,,HK_ALL_GLD_A
A014439,,,HK_ALL_GLD_A
A015059,,,HK_ALL_GLD_A
A015161,,,HK_ALL_GLD_A
A015180,,,HK_ALL_GLD_A
A015359,,,HK_ALL_GLD_A
A015720,,,HK_ALL_GLD_A
A016464,,,HK_ALL_GLD_A
A016649,,,HK_ALL_GLD_A
A016713,,,HK_ALL_GLD_A
A017115,,,HK_ALL_GLD_A
A017632,,,HK_ALL_GLD_A
A018455,,,HK_ALL_GLD_A
A018751,,,HK_ALL_GLD_A
A018866,,,HK_ALL_GLD_A
A019314,,,HK_ALL_GLD_A
A019549,,,HK_ALL_GLD_A
A019687,,,HK_ALL_GLD_A
A019777,,,HK_ALL_GLD_A
A020046,,,HK_ALL_GLD_A
A020742,,,HK_ALL_GLD_A
A020881,,,HK_ALL_GLD_A
A020968,,,HK_ALL_GLD_A
A021326,,,HK_ALL_GLD_A
A021403,,,HK_ALL_GLD_A
A021460,,,HK_ALL_GLD_A
A021490,,,HK_ALL_GLD_A
A021613,,,HK_ALL_GLD_A
A021635,,,HK_ALL_GLD_A
A021925,,,HK_ALL_GLD_A
A022171,,,HK_ALL_GLD_A
A022185,,,HK_ALL_GLD_A
A022186,,,HK_ALL_GLD_A
A022253,,,HK_ALL_GLD_A
A022257,,,HK_ALL_GLD_A
A022537,,,HK_ALL_GLD_A
A022540,,,HK_ALL_GLD_A
A022604,,,HK_ALL_GLD_A
A022687,,,HK_ALL_GLD_A
A022738,,,HK_ALL_GLD_A
A022990,,,HK_ALL_GLD_A
A022996,,,HK_ALL_GLD_A
A023386,,,HK_ALL_GLD_A
A023461,,,HK_ALL_GLD_A
A024644,,,HK_ALL_GLD_A
A024947,,,HK_ALL_GLD_A
A025306,,,HK_ALL_GLD_A
A026810,,,HK_ALL_GLD_A
A027140,,,HK_ALL_GLD_A
A027321,,,HK_ALL_GLD_A
A027501,,,HK_ALL_GLD_A
A027563,,,HK_ALL_GLD_A
A027574,,,HK_ALL_GLD_A
A027647,,,HK_ALL_GLD_A
A028006,,,HK_ALL_GLD_A
A028110,,,HK_ALL_GLD_A
A028116,,,HK_ALL_GLD_A
A028726,,,HK_ALL_GLD_A
A028846,,,HK_ALL_GLD_A
A028847,,,HK_ALL_GLD_A
A029076,,,HK_ALL_GLD_A
A029689,,,HK_ALL_GLD_A
A029690,,,HK_ALL_GLD_A
A029794,,,HK_ALL_GLD_A
A029906,,,HK_ALL_GLD_A
A030038,,,HK_ALL_GLD_A
A030058,,,HK_ALL_GLD_A
A030091,,,HK_ALL_GLD_A
A030163,,,HK_ALL_GLD_A
A030179,,,HK_ALL_GLD_A
A030220,,,HK_ALL_GLD_A
A030222,,,HK_ALL_GLD_A
A030226,,,HK_ALL_GLD_A
A030625,,,HK_ALL_GLD_A
A030626,,,HK_ALL_GLD_A
A030794,,,HK_ALL_GLD_A
A030986,,,HK_ALL_GLD_A
A031118,,,HK_ALL_GLD_A
A031178,,,HK_ALL_GLD_A
A015121,,,LF_PCLT_ACD_A
A008667,,,LF_PCLT_AHD_A
724393,,,LF_PCLT_AMM_A
A003968,,,LF_PCLT_AMM_A
A012976,,,LF_PCLT_AMM_A
728661,,,LF_PCLT_AMM_A
100142,,,LF_PCLT_COM_A
724265,,,LF_PCLT_COM_A
724298,,,LF_PCLT_COM_A
724322,,,LF_PCLT_COM_A
724336,,,LF_PCLT_COM_A
724363,,,LF_PCLT_COM_A
724379,,,LF_PCLT_COM_A
724380,,,LF_PCLT_COM_A
724390,,,LF_PCLT_COM_A
724398,,,LF_PCLT_COM_A
724410,,,LF_PCLT_COM_A
724577,,,LF_PCLT_COM_A
724579,,,LF_PCLT_COM_A
725203,,,LF_PCLT_COM_A
725741,,,LF_PCLT_COM_A
727908,,,LF_PCLT_COM_A
728289,,,LF_PCLT_COM_A
728762,,,LF_PCLT_COM_A
728841,,,LF_PCLT_COM_A
729257,,,LF_PCLT_COM_A
729697,,,LF_PCLT_COM_A
729723,,,LF_PCLT_COM_A
730273,,,LF_PCLT_COM_A
731634,,,LF_PCLT_COM_A
731641,,,LF_PCLT_COM_A
731711,,,LF_PCLT_COM_A
731715,,,LF_PCLT_COM_A
731721,,,LF_PCLT_COM_A
731722,,,LF_PCLT_COM_A
731932,,,LF_PCLT_COM_A
731976,,,LF_PCLT_COM_A
731996,,,LF_PCLT_COM_A
732131,,,LF_PCLT_COM_A
732154,,,LF_PCLT_COM_A
732162,,,LF_PCLT_COM_A
732208,,,LF_PCLT_COM_A
732209,,,LF_PCLT_COM_A
732317,,,LF_PCLT_COM_A
732356,,,LF_PCLT_COM_A
732426,,,LF_PCLT_COM_A
732451,,,LF_PCLT_COM_A
732458,,,LF_PCLT_COM_A
732485,,,LF_PCLT_COM_A
732643,,,LF_PCLT_COM_A
732676,,,LF_PCLT_COM_A
732762,,,LF_PCLT_COM_A
733197,,,LF_PCLT_COM_A
733416,,,LF_PCLT_COM_A
733527,,,LF_PCLT_COM_A
734063,,,LF_PCLT_COM_A
734210,,,LF_PCLT_COM_A
734834,,,LF_PCLT_COM_A
734921,,,LF_PCLT_COM_A
735189,,,LF_PCLT_COM_A
736187,,,LF_PCLT_COM_A
736240,,,LF_PCLT_COM_A
736242,,,LF_PCLT_COM_A
736362,,,LF_PCLT_COM_A
736432,,,LF_PCLT_COM_A
736501,,,LF_PCLT_COM_A
736525,,,LF_PCLT_COM_A
736532,,,LF_PCLT_COM_A
736634,,,LF_PCLT_COM_A
737246,,,LF_PCLT_COM_A
737616,,,LF_PCLT_COM_A
737817,,,LF_PCLT_COM_A
738270,,,LF_PCLT_COM_A
739205,,,LF_PCLT_COM_A
739519,,,LF_PCLT_COM_A
742268,,,LF_PCLT_COM_A
742667,,,LF_PCLT_COM_A
729020,,,LF_PCLT_COM_A
729338,,,LF_PCLT_COM_A
734903,,,LF_PCLT_COM_A
A000037,,,LF_PCLT_COM_A
A000038,,,LF_PCLT_COM_A
A000430,,,LF_PCLT_COM_A
A001288,,,LF_PCLT_COM_A
A001393,,,LF_PCLT_COM_A
A001494,,,LF_PCLT_COM_A
A001641,,,LF_PCLT_COM_A
A004109,,,LF_PCLT_COM_A
A005271,,,LF_PCLT_COM_A
A005468,,,LF_PCLT_COM_A
A005553,,,LF_PCLT_COM_A
A006776,,,LF_PCLT_COM_A
A007188,,,LF_PCLT_COM_A
A007192,,,LF_PCLT_COM_A
A007335,,,LF_PCLT_COM_A
A007888,,,LF_PCLT_COM_A
A008086,,,LF_PCLT_COM_A
A008364,,,LF_PCLT_COM_A
A008418,,,LF_PCLT_COM_A
A008712,,,LF_PCLT_COM_A
A009715,,,LF_PCLT_COM_A
A009718,,,LF_PCLT_COM_A
A010021,,,LF_PCLT_COM_A
A010022,,,LF_PCLT_COM_A
A010307,,,LF_PCLT_COM_A
A010462,,,LF_PCLT_COM_A
A010645,,,LF_PCLT_COM_A
A010646,,,LF_PCLT_COM_A
A010721,,,LF_PCLT_COM_A
A010918,,,LF_PCLT_COM_A
A011113,,,LF_PCLT_COM_A
A011634,,,LF_PCLT_COM_A
A012015,,,LF_PCLT_COM_A
A012016,,,LF_PCLT_COM_A
A012094,,,LF_PCLT_COM_A
A012112,,,LF_PCLT_COM_A
A012312,,,LF_PCLT_COM_A
A012400,,,LF_PCLT_COM_A
A012697,,,LF_PCLT_COM_A
A012876,,,LF_PCLT_COM_A
A013090,,,LF_PCLT_COM_A
A013176,,,LF_PCLT_COM_A
A013398,,,LF_PCLT_COM_A
A013422,,,LF_PCLT_COM_A
A013560,,,LF_PCLT_COM_A
A013574,,,LF_PCLT_COM_A
A013576,,,LF_PCLT_COM_A
A013829,,,LF_PCLT_COM_A
A013969,,,LF_PCLT_COM_A
A014267,,,LF_PCLT_COM_A
A014439,,,LF_PCLT_COM_A
A014789,,,LF_PCLT_COM_A
A015059,,,LF_PCLT_COM_A
A015161,,,LF_PCLT_COM_A
A015180,,,LF_PCLT_COM_A
A015348,,,LF_PCLT_COM_A
A015359,,,LF_PCLT_COM_A
A015720,,,LF_PCLT_COM_A
A016464,,,LF_PCLT_COM_A
A016649,,,LF_PCLT_COM_A
A016713,,,LF_PCLT_COM_A
A017115,,,LF_PCLT_COM_A
A017632,,,LF_PCLT_COM_A
A018455,,,LF_PCLT_COM_A
A018751,,,LF_PCLT_COM_A
A018866,,,LF_PCLT_COM_A
A019313,,,LF_PCLT_COM_A
A019314,,,LF_PCLT_COM_A
A019549,,,LF_PCLT_COM_A
A019556,,,LF_PCLT_COM_A
A019598,,,LF_PCLT_COM_A
A019687,,,LF_PCLT_COM_A
A019777,,,LF_PCLT_COM_A
A020046,,,LF_PCLT_COM_A
A020742,,,LF_PCLT_COM_A
A020881,,,LF_PCLT_COM_A
A020888,,,LF_PCLT_COM_A
A020968,,,LF_PCLT_COM_A
A021326,,,LF_PCLT_COM_A
A021403,,,LF_PCLT_COM_A
A021460,,,LF_PCLT_COM_A
A021490,,,LF_PCLT_COM_A
A021613,,,LF_PCLT_COM_A
A021635,,,LF_PCLT_COM_A
A021758,,,LF_PCLT_COM_A
A021820,,,LF_PCLT_COM_A
A021829,,,LF_PCLT_COM_A
A021925,,,LF_PCLT_COM_A
A022014,,,LF_PCLT_COM_A
A022113,,,LF_PCLT_COM_A
A022171,,,LF_PCLT_COM_A
A022185,,,LF_PCLT_COM_A
A022186,,,LF_PCLT_COM_A
A022194,,,LF_PCLT_COM_A
A022253,,,LF_PCLT_COM_A
A022257,,,LF_PCLT_COM_A
A022298,,,LF_PCLT_COM_A
A022405,,,LF_PCLT_COM_A
A022537,,,LF_PCLT_COM_A
A022540,,,LF_PCLT_COM_A
A022604,,,LF_PCLT_COM_A
A022687,,,LF_PCLT_COM_A
A022738,,,LF_PCLT_COM_A
A022931,,,LF_PCLT_COM_A
A022990,,,LF_PCLT_COM_A
A022996,,,LF_PCLT_COM_A
A023386,,,LF_PCLT_COM_A
A023461,,,LF_PCLT_COM_A
A024357,,,LF_PCLT_COM_A
A024641,,,LF_PCLT_COM_A
A024643,,,LF_PCLT_COM_A
A024644,,,LF_PCLT_COM_A
A024737,,,LF_PCLT_COM_A
A024947,,,LF_PCLT_COM_A
A025305,,,LF_PCLT_COM_A
A025306,,,LF_PCLT_COM_A
A025466,,,LF_PCLT_COM_A
A025704,,,LF_PCLT_COM_A
A025707,,,LF_PCLT_COM_A
A025713,,,LF_PCLT_COM_A
A026582,,,LF_PCLT_COM_A
A026640,,,LF_PCLT_COM_A
A026810,,,LF_PCLT_COM_A
A027140,,,LF_PCLT_COM_A
A027178,,,LF_PCLT_COM_A
A027321,,,LF_PCLT_COM_A
A027322,,,LF_PCLT_COM_A
A027501,,,LF_PCLT_COM_A
A027563,,,LF_PCLT_COM_A
A027574,,,LF_PCLT_COM_A
A027598,,,LF_PCLT_COM_A
A027647,,,LF_PCLT_COM_A
A027673,,,LF_PCLT_COM_A
A027724,,,LF_PCLT_COM_A
A028006,,,LF_PCLT_COM_A
A028110,,,LF_PCLT_COM_A
A028116,,,LF_PCLT_COM_A
A028193,,,LF_PCLT_COM_A
A028385,,,LF_PCLT_COM_A
A028478,,,LF_PCLT_COM_A
A028494,,,LF_PCLT_COM_A
A028608,,,LF_PCLT_COM_A
A028674,,,LF_PCLT_COM_A
A028726,,,LF_PCLT_COM_A
A028789,,,LF_PCLT_COM_A
A028846,,,LF_PCLT_COM_A
A028847,,,LF_PCLT_COM_A
A029006,,,LF_PCLT_COM_A
A029076,,,LF_PCLT_COM_A
A029689,,,LF_PCLT_COM_A
A029690,,,LF_PCLT_COM_A
A029794,,,LF_PCLT_COM_A
A029906,,,LF_PCLT_COM_A
A030038,,,LF_PCLT_COM_A
A030058,,,LF_PCLT_COM_A
A030091,,,LF_PCLT_COM_A
A030163,,,LF_PCLT_COM_A
A030179,,,LF_PCLT_COM_A
A030220,,,LF_PCLT_COM_A
A030222,,,LF_PCLT_COM_A
A030226,,,LF_PCLT_COM_A
A030625,,,LF_PCLT_COM_A
A030626,,,LF_PCLT_COM_A
A030794,,,LF_PCLT_COM_A
A030986,,,LF_PCLT_COM_A
A031118,,,LF_PCLT_COM_A
A031178,,,LF_PCLT_COM_A
731942,1,732075,HK_PCLT_AJT_Q_SR
731942,1,732077,HK_PCLT_AJT_Q_SR
731942,2,A018114,HK_PCLT_AJT_Q_SR
731942,2,732079,HK_PCLT_AJT_Q_SR
731942,3,737402,HK_PCLT_AJT_Q_SR
731942,3,741005,HK_PCLT_AJT_Q_SR
731942,4,732057,HK_PCLT_AJT_Q_SR
731942,4,742275,HK_PCLT_AJT_Q_SR
731942,4,A016295,HK_PCLT_AJT_Q_SR
731942,4,A019256,HK_PCLT_AJT_Q_SR
731942,4,A015239,HK_PCLT_AJT_Q_SR
735364,,,HK_ALL_ABJ_Q_SR
734504,1,A008126,ALL_PCLT_ATP_Q_SR
734504,1,A030841,ALL_PCLT_ATP_Q_SR
A007184,1,A007089,ALL_PCLT_ATP_Q_SR
A007184,1,A015289,ALL_PCLT_ATP_Q_SR
A007184,2,A007136,ALL_PCLT_ATP_Q_SR
A007184,2,A022108,ALL_PCLT_ATP_Q_SR
A007184,2,A027655,ALL_PCLT_ATP_Q_SR
A007184,3,A007106,ALL_PCLT_ATP_Q_SR
A007184,3,A007107,ALL_PCLT_ATP_Q_SR
A007184,3,A007110,ALL_PCLT_ATP_Q_SR
A007184,3,A007140,ALL_PCLT_ATP_Q_SR
A007184,3,A007146,ALL_PCLT_ATP_Q_SR
A007184,3,A007152,ALL_PCLT_ATP_Q_SR
A007184,3,A008462,ALL_PCLT_ATP_Q_SR
A007184,4,A007138,ALL_PCLT_ATP_Q_SR
A007184,4,A027044,ALL_PCLT_ATP_Q_SR
A007184,5,A007100,ALL_PCLT_ATP_Q_SR
A007184,5,A007108,ALL_PCLT_ATP_Q_SR
A007184,6,A007101,ALL_PCLT_ATP_Q_SR
A007184,6,A023396,ALL_PCLT_ATP_Q_SR
A007184,7,A016915,ALL_PCLT_ATP_Q_SR
A007184,7,A023305,ALL_PCLT_ATP_Q_SR
A007184,8,A007104,ALL_PCLT_ATP_Q_SR
A007184,8,A007111,ALL_PCLT_ATP_Q_SR
A007184,8,A007156,ALL_PCLT_ATP_Q_SR
A007184,8,A007112,ALL_PCLT_ATP_Q_SR
A007184,9,A007129,ALL_PCLT_ATP_Q_SR
A007184,9,A021715,ALL_PCLT_ATP_Q_SR
A007184,9,A028117,ALL_PCLT_ATP_Q_SR
A007184,0,A007144,ALL_PCLT_ATP_Q_SR
A007184,0,A007159,ALL_PCLT_ATP_Q_SR
A007184,1,A007151,ALL_PCLT_ATP_Q_SR
A007184,1,A019208,ALL_PCLT_ATP_Q_SR
A007184,2,A018071,ALL_PCLT_ATP_Q_SR
A007184,2,A015401,ALL_PCLT_ATP_Q_SR
A007184,2,A028930,ALL_PCLT_ATP_Q_SR
A007184,3,A007166,ALL_PCLT_ATP_Q_SR
A007184,3,A030974,ALL_PCLT_ATP_Q_SR
A014450,1,A014463,ALL_PCLT_ATP_Q_SR
A014450,1,A014475,ALL_PCLT_ATP_Q_SR
A014450,1,A014478,ALL_PCLT_ATP_Q_SR
A014450,1,A014491,ALL_PCLT_ATP_Q_SR
A014450,1,A014495,ALL_PCLT_ATP_Q_SR
A014450,1,A014524,ALL_PCLT_ATP_Q_SR
A014450,1,A014533,ALL_PCLT_ATP_Q_SR
A014450,1,A016357,ALL_PCLT_ATP_Q_SR
A014450,2,A014483,ALL_PCLT_ATP_Q_SR
A014450,2,A014488,ALL_PCLT_ATP_Q_SR
A014347,1,A014351,ALL_PCLT_ATP_Q_SR
A014347,1,A014358,ALL_PCLT_ATP_Q_SR
A014347,1,A014391,ALL_PCLT_ATP_Q_SR
A014347,2,A014352,ALL_PCLT_ATP_Q_SR
A014347,2,A016137,ALL_PCLT_ATP_Q_SR
A014347,2,A025463,ALL_PCLT_ATP_Q_SR
A014347,2,A017611,ALL_PCLT_ATP_Q_SR
A014347,3,A028139,ALL_PCLT_ATP_Q_SR
A014347,3,A027949,ALL_PCLT_ATP_Q_SR
A014347,4,A014355,ALL_PCLT_ATP_Q_SR
A014347,4,A014360,ALL_PCLT_ATP_Q_SR
A014347,4,A014382,ALL_PCLT_ATP_Q_SR
A014347,4,A014560,ALL_PCLT_ATP_Q_SR
A014347,4,A014406,ALL_PCLT_ATP_Q_SR
A014347,5,A014400,ALL_PCLT_ATP_Q_SR
A014347,5,A014366,ALL_PCLT_ATP_Q_SR
A014347,5,A014375,ALL_PCLT_ATP_Q_SR
A014347,5,A023010,ALL_PCLT_ATP_Q_SR
734504,1,A008126,HK_TBR_ATP_Q_SR
734504,1,A030841,HK_TBR_ATP_Q_SR
A007184,1,A007089,HK_TBR_ATP_Q_SR
A007184,1,A015289,HK_TBR_ATP_Q_SR
A007184,2,A007136,HK_TBR_ATP_Q_SR
A007184,2,A022108,HK_TBR_ATP_Q_SR
A007184,2,A027655,HK_TBR_ATP_Q_SR
A007184,3,A007106,HK_TBR_ATP_Q_SR
A007184,3,A007107,HK_TBR_ATP_Q_SR
A007184,3,A007110,HK_TBR_ATP_Q_SR
A007184,3,A007140,HK_TBR_ATP_Q_SR
A007184,3,A007146,HK_TBR_ATP_Q_SR
A007184,3,A007152,HK_TBR_ATP_Q_SR
A007184,3,A008462,HK_TBR_ATP_Q_SR
A007184,4,A007138,HK_TBR_ATP_Q_SR
A007184,4,A027044,HK_TBR_ATP_Q_SR
A007184,5,A007100,HK_TBR_ATP_Q_SR
A007184,5,A007108,HK_TBR_ATP_Q_SR
A007184,6,A007101,HK_TBR_ATP_Q_SR
A007184,6,A023396,HK_TBR_ATP_Q_SR
A007184,7,A016915,HK_TBR_ATP_Q_SR
A007184,7,A023305,HK_TBR_ATP_Q_SR
A007184,8,A007104,HK_TBR_ATP_Q_SR
A007184,8,A007111,HK_TBR_ATP_Q_SR
A007184,8,A007156,HK_TBR_ATP_Q_SR
A007184,8,A007112,HK_TBR_ATP_Q_SR
A007184,9,A007129,HK_TBR_ATP_Q_SR
A007184,9,A021715,HK_TBR_ATP_Q_SR
A007184,9,A028117,HK_TBR_ATP_Q_SR
A007184,0,A007144,HK_TBR_ATP_Q_SR
A007184,0,A007159,HK_TBR_ATP_Q_SR
A007184,1,A007151,HK_TBR_ATP_Q_SR
A007184,1,A019208,HK_TBR_ATP_Q_SR
A007184,2,A018071,HK_TBR_ATP_Q_SR
A007184,2,A015401,HK_TBR_ATP_Q_SR
A007184,2,A028930,HK_TBR_ATP_Q_SR
A007184,3,A007166,HK_TBR_ATP_Q_SR
A007184,3,A030974,HK_TBR_ATP_Q_SR
A014450,1,A014463,HK_TBR_ATP_Q_SR
A014450,1,A014475,HK_TBR_ATP_Q_SR
A014450,1,A014478,HK_TBR_ATP_Q_SR
A014450,1,A014491,HK_TBR_ATP_Q_SR
A014450,1,A014495,HK_TBR_ATP_Q_SR
A014450,1,A014524,HK_TBR_ATP_Q_SR
A014450,1,A014533,HK_TBR_ATP_Q_SR
A014450,1,A016357,HK_TBR_ATP_Q_SR
A014450,2,A014483,HK_TBR_ATP_Q_SR
A014450,2,A014488,HK_TBR_ATP_Q_SR
A014347,1,A014351,HK_TBR_ATP_Q_SR
A014347,1,A014358,HK_TBR_ATP_Q_SR
A014347,1,A014391,HK_TBR_ATP_Q_SR
A014347,2,A014352,HK_TBR_ATP_Q_SR
A014347,2,A016137,HK_TBR_ATP_Q_SR
A014347,2,A025463,HK_TBR_ATP_Q_SR
A014347,2,A017611,HK_TBR_ATP_Q_SR
A014347,3,A028139,HK_TBR_ATP_Q_SR
A014347,3,A027949,HK_TBR_ATP_Q_SR
A014347,4,A014355,HK_TBR_ATP_Q_SR
A014347,4,A014360,HK_TBR_ATP_Q_SR
A014347,4,A014382,HK_TBR_ATP_Q_SR
A014347,4,A014560,HK_TBR_ATP_Q_SR
A014347,4,A014406,HK_TBR_ATP_Q_SR
A014347,5,A014400,HK_TBR_ATP_Q_SR
A014347,5,A014366,HK_TBR_ATP_Q_SR
A014347,5,A014375,HK_TBR_ATP_Q_SR
A014347,5,A023010,HK_TBR_ATP_Q_SR
A015121,,,HK_ALL_ACD_A_SR
A015121,,,LF_PCLT_ACD_A_SR
A018248,,,HK_ALL_APP_A_SR
732589,,,HK_ALL_APP_A_SR
A018839,,,HK_ALL_APP_A_SR
A019116,,,HK_ALL_APP_A_SR
A019268,,,HK_ALL_APP_A_SR
A019290,,,HK_ALL_APP_A_SR
A019312,,,HK_ALL_APP_A_SR
A019318,,,HK_ALL_APP_A_SR
A019356,,,HK_ALL_APP_A_SR
A019357,,,HK_ALL_APP_A_SR
A019358,,,HK_ALL_APP_A_SR
A019359,,,HK_ALL_APP_A_SR
A019361,,,HK_ALL_APP_A_SR
A019362,,,HK_ALL_APP_A_SR
A019371,,,HK_ALL_APP_A_SR
A019439,,,HK_ALL_APP_A_SR
A019442,,,HK_ALL_APP_A_SR
A019443,,,HK_ALL_APP_A_SR
A019447,,,HK_ALL_APP_A_SR
A019448,,,HK_ALL_APP_A_SR
A019449,,,HK_ALL_APP_A_SR
A019458,,,HK_ALL_APP_A_SR
A019590,,,HK_ALL_APP_A_SR
A019710,,,HK_ALL_APP_A_SR
A019711,,,HK_ALL_APP_A_SR
A020164,,,HK_ALL_APP_A_SR
A020488,,,HK_ALL_APP_A_SR
A021846,,,HK_ALL_APP_A_SR
A023409,,,HK_ALL_APP_A_SR
A019759,,,HK_ALL_ATW_A_SR
A018754,,,HK_ALL_ATW_A_SR
A018755,,,HK_ALL_ATW_A_SR
A018756,,,HK_ALL_ATW_A_SR
A018758,,,HK_ALL_ATW_A_SR
A018885,,,HK_ALL_ATW_A_SR
A019091,,,HK_ALL_ATW_A_SR
A019124,,,HK_ALL_ATW_A_SR
A019135,,,HK_ALL_ATW_A_SR
A019759,,,HK_ALL_ATW_A_SR
A020587,,,HK_ALL_ATW_A_SR
A021614,,,HK_ALL_ATW_A_SR
A023387,,,HK_ALL_ATW_A_SR
A019759,,,LF_PCLT_ATW_A_SR
A018754,,,LF_PCLT_ATW_A_SR
A018755,,,LF_PCLT_ATW_A_SR
A018756,,,LF_PCLT_ATW_A_SR
A018758,,,LF_PCLT_ATW_A_SR
A018885,,,LF_PCLT_ATW_A_SR
A019091,,,LF_PCLT_ATW_A_SR
A019124,,,LF_PCLT_ATW_A_SR
A019135,,,LF_PCLT_ATW_A_SR
A019759,,,LF_PCLT_ATW_A_SR
A020587,,,LF_PCLT_ATW_A_SR
A021614,,,LF_PCLT_ATW_A_SR
A023387,,,LF_PCLT_ATW_A_SR
A018891,,,ALL_ALL_ABZ_Q_SR
A002744,,,ALL_ALL_Mobis_A_SR
A004218,,,ALL_ALL_AVW_A_SR
731942,,,HK_ALL_AJT_Q_HQ
731942,,,LF_PCLT_AJT_Q_HQ
A020943,,,ALL_ALL_AMC_A_HQ
A020943,,,ALL_ALL_AMC_A_VR
A012709,,,ALL_ALL_AMT_A_HQ
A015121,,,HK_ALL_ACD_A_HQ
731118,,,HK_ALL_APP_A_VR
731118,,,HK_ALL_APP_A_HQ
A009748,,,HK_ALL_APP_A_HQ
A018248,,,HK_ALL_APP_A_HQ
732589,,,HK_ALL_APP_A_HQ
A018839,,,HK_ALL_APP_A_HQ
A019116,,,HK_ALL_APP_A_HQ
A019268,,,HK_ALL_APP_A_HQ
A019290,,,HK_ALL_APP_A_HQ
A019312,,,HK_ALL_APP_A_HQ
A019318,,,HK_ALL_APP_A_HQ
A019356,,,HK_ALL_APP_A_HQ
A019357,,,HK_ALL_APP_A_HQ
A019358,,,HK_ALL_APP_A_HQ
A019359,,,HK_ALL_APP_A_HQ
A019361,,,HK_ALL_APP_A_HQ
A019362,,,HK_ALL_APP_A_HQ
A019371,,,HK_ALL_APP_A_HQ
A019439,,,HK_ALL_APP_A_HQ
A019442,,,HK_ALL_APP_A_HQ
A019443,,,HK_ALL_APP_A_HQ
A019447,,,HK_ALL_APP_A_HQ
A019448,,,HK_ALL_APP_A_HQ
A019449,,,HK_ALL_APP_A_HQ
A019458,,,HK_ALL_APP_A_HQ
A019590,,,HK_ALL_APP_A_HQ
A019710,,,HK_ALL_APP_A_HQ
A019711,,,HK_ALL_APP_A_HQ
A020164,,,HK_ALL_APP_A_HQ
A020488,,,HK_ALL_APP_A_HQ
A021846,,,HK_ALL_APP_A_HQ
A023409,,,HK_ALL_APP_A_HQ
A004218,,,ALL_ALL_AVW_Q_HQ
A004218,,,ALL_ALL_AVW_A_IT
A004218,,,ALL_ALL_AVW_A_WTY
A002744,,,ALL_ALL_Mobis_A_HQ
A017663,,,HK_ALL_DIA_A_VR
A016592,,,HK_ALL_DIA_A_VR
732494,,,HK_ALL_DIA_A_VR
A017663,,,LF_PCLT_DIA_A_VR
A016592,,,LF_PCLT_DIA_A_VR
732494,,,LF_PCLT_DIA_A_VR
A018891,,,ALL_ALL_ABZ_A_HQ
A019759,,,HK_ALL_ATW_A_HQ
A018754,,,HK_ALL_ATW_A_HQ
A018755,,,HK_ALL_ATW_A_HQ
A018756,,,HK_ALL_ATW_A_HQ
A018758,,,HK_ALL_ATW_A_HQ
A018885,,,HK_ALL_ATW_A_HQ
A019091,,,HK_ALL_ATW_A_HQ
A019124,,,HK_ALL_ATW_A_HQ
A019135,,,HK_ALL_ATW_A_HQ
A020587,,,HK_ALL_ATW_A_HQ
A021614,,,HK_ALL_ATW_A_HQ
A023387,,,HK_ALL_ATW_A_HQ
A015303,,,HK_ALL_AHD_A_VR
730914,,,ALL_ALL_ACM_A_HQ
A004237,,,ALL_ALL_ACM_A_HQ
A005811,,,ALL_ALL_ACM_A_HQ
730914,,,ALL_ALL_ACM_Q_VR
A004237,,,ALL_ALL_ACM_Q_VR
A005811,,,ALL_ALL_ACM_Q_VR
A009492,,,ALL_ALL_ACM_Q_VR
A009492,,,ALL_ALL_ACM_A_HQ
A014075,,,ALL_ALL_ACM_Q_VR
A014075,,,ALL_ALL_ACM_A_HQ
A010947,,,ALL_ALL_ACM_Q_VR
A010947,,,ALL_ALL_ACM_A_HQ
A017334,,,ALL_ALL_ACM_A_HQ
A022065,,,ALL_ALL_ACM_A_HQ
732377,,,ALL_ALL_ATF_A_HQ
A010256,,,ALL_ALL_ATF_A_HQ
A010257,,,ALL_ALL_ATF_A_HQ
A011344,,,ALL_ALL_ATF_A_HQ
A011630,,,ALL_ALL_ATF_A_HQ
A012309,,,ALL_ALL_ATF_A_HQ
A012540,,,ALL_ALL_ATF_A_HQ
A013002,,,ALL_ALL_ATF_A_HQ
A013575,,,ALL_ALL_ATF_A_HQ
A014051,,,ALL_ALL_ATF_A_HQ
A015852,,,ALL_ALL_ATF_A_HQ
A015914,,,ALL_ALL_ATF_A_HQ
A017739,,,ALL_ALL_ATF_A_HQ
A016149,,,ALL_ALL_ATF_A_HQ
A025704,,,HK_ALL_ATL_A_HQ
A025704,,,HK_ALL_ATL_Q_VR
A025704,,,HK_ALL_ATL_Q_VR
732377,,,ALL_PCLT_RSS_A_HQ
A010256,,,ALL_PCLT_RSS_A_HQ
A010257,,,ALL_PCLT_RSS_A_HQ
A011344,,,ALL_PCLT_RSS_A_HQ
A011630,,,ALL_PCLT_RSS_A_HQ
A012309,,,ALL_PCLT_RSS_A_HQ
A012540,,,ALL_PCLT_RSS_A_HQ
A013002,,,ALL_PCLT_RSS_A_HQ
A013575,,,ALL_PCLT_RSS_A_HQ
A014051,,,ALL_PCLT_RSS_A_HQ
A015852,,,ALL_PCLT_RSS_A_HQ
A015914,,,ALL_PCLT_RSS_A_HQ
A016149,,,ALL_PCLT_RSS_A_HQ
A017739,,,ALL_PCLT_RSS_A_HQ
724393,,,ALL_ALL_RSS_A_HQ
728661,,,ALL_ALL_RSS_A_HQ
728762,,,ALL_ALL_RSS_A_HQ
728841,,,ALL_ALL_RSS_A_HQ
729257,,,ALL_ALL_RSS_A_HQ
729697,,,ALL_ALL_RSS_A_HQ
731634,,,ALL_ALL_RSS_A_HQ
731721,,,ALL_ALL_RSS_A_HQ
731722,,,ALL_ALL_RSS_A_HQ
731932,,,ALL_ALL_RSS_A_HQ
732162,,,ALL_ALL_RSS_A_HQ
732317,,,ALL_ALL_RSS_A_HQ
732485,,,ALL_ALL_RSS_A_HQ
732494,,,ALL_ALL_RSS_A_HQ
736501,,,ALL_ALL_RSS_A_HQ
A000038,,,ALL_ALL_RSS_A_HQ
A005468,,,ALL_ALL_RSS_A_HQ
A008712,,,ALL_ALL_RSS_A_HQ
A010646,,,ALL_ALL_RSS_A_HQ
A012015,,,ALL_ALL_RSS_A_HQ
A012112,,,ALL_ALL_RSS_A_HQ
A012697,,,ALL_ALL_RSS_A_HQ
A012709,,,ALL_ALL_RSS_A_HQ
A013176,,,ALL_ALL_RSS_A_HQ
A013422,,,ALL_ALL_RSS_A_HQ
A017632,,,ALL_ALL_RSS_A_HQ
A018455,,,ALL_ALL_RSS_A_HQ
A018866,,,ALL_ALL_RSS_A_HQ
A020742,,,ALL_ALL_RSS_A_HQ
A022171,,,ALL_ALL_RSS_A_HQ
A022687,,,ALL_ALL_RSS_A_HQ
A027574,,,ALL_ALL_RSS_A_HQ
A029076,,,ALL_ALL_RSS_A_HQ
A030986,,,ALL_ALL_RSS_A_HQ
A003968,,,ALL_ALL_RSS_A_HQ
A012976,,,ALL_ALL_RSS_A_HQ
