Category,,,,,,,,,
ALL_ALL_AMM_A,0,"$20,000",,,,,,,
,0.00%,16.00%,,,,,,,
ALL_ALL_FEN_Q,0,650,,,,,,,
,0.00%,2.00%,,,,,,,
ALL_ALL_TEL_Q,0,$650,,,,,,,
,0.00%,2.00%,,,,,,,
HK__ALL_RRS_A,$0,"$10,000","$15,000","$20,000","$30,000","$40,000","$60,000","$100,000","$140,000"
,0.00%,6.00%,7.00%,8.00%,9.00%,11.00%,13.00%,14.00%,15.00%
HK_ALL_DIC_A,$0,"$10,000","$15,000","$20,000","$30,000","$40,000","$60,000","$100,000","$140,000"
,0.00%,6.00%,7.00%,8.00%,9.00%,11.00%,13.00%,14.00%,15.00%
HK_ALL_DIB_A,$0,"$20,000","$40,000","$60,000","$100,000","$140,000",,,
,0.00%,8.00%,11.00%,13.00%,14.00%,15.00%,,,
HK_ALL_DIA_A,0,40000,60000,100000,140000,,,,
,0.00%,11.00%,13.00%,14.00%,15.00%,,,,
HK_ALL_MTS_A,0,"$10,000","$15,000","$20,000","$30,000","$40,000","$60,000",,
,0.00%,4.00%,5.00%,6.00%,8.00%,10.00%,12.00%,,
HK_ALL_GLD_A,0,"$3,000","$10,000","$15,000","$20,000","$30,000","$40,000","$60,000",
,0.00%,5.00%,6.00%,7.00%,8.00%,9.00%,11.00%,13.00%,
LF_PCLT_ACD_A,0,"$2,000","$4,000","$6,000","$8,000","$12,000",,,
,0.00%,2.00%,4.00%,6.00%,8.00%,10.00%,,,
LF_PCLT_AHD_A,0,"$2,000","$4,000","$6,000","$8,000","$12,000",,,
,0.00%,2.00%,4.00%,6.00%,8.00%,10.00%,,,
LF_PCLT_AMM_A,0,"$2,000","$4,000","$6,000","$8,000","$12,000",,,
,0.00%,2.00%,4.00%,6.00%,8.00%,10.00%,,,
LF_PCLT_COM_A,0,"$2,000","$4,000","$6,000","$8,000","$12,000",,,
,0.00%,2.00%,4.00%,6.00%,8.00%,10.00%,,,
HK_PCLT_AJT_Q_SR,0,50,100,150,200,300,,,
,0.00%,4.00%,6.00%,8.00%,9.00%,10.00%,,,
HK_ALL_ABJ_Q_SR,0,50,100,150,,,,,
,0.00%,4.00%,6.00%,8.00%,,,,,
ALL_PCLT_ATP_Q_SR,0,20,40,60,80,100,120,,
,0.00%,6.00%,8.00%,10.00%,11.00%,13.00%,15.00%,,
HK_TBR_ATP_Q_SR,0,1,50,100,200,,,,
,0.00%,2.00%,3.00%,4.00%,5.00%,,,,
HK_ALL_ACD_A_SR,0,"$6,000","$9,000","$15,000","$21,000",,,,
,0.00%,3.00%,4.00%,5.00%,6.00%,,,,
LF_PCLT_ACD_A_SR,0,"$1,000","$2,000","$4,000","$5,000","$6,000","$7,000",,
,0.00%,1.00%,2.00%,3.00%,4.00%,5.00%,6.00%,,
HK_ALL_APP_A_SR,0,"$5,000","$7,500","$12,500","$17,500",,,,
,0.00%,3.00%,4.00%,5.00%,10.00%,,,,
HK_ALL_ATW_A_SR,0,"$2,000","$4,000","$7,000","$11,000","$14,000","$22,000","$30,000",
,0.00%,4.00%,5.00%,6.00%,7.00%,8.00%,9.00%,10.00%,
LF_PCLT_ATW_A_SR,0,"$2,000","$4,000","$7,000","$11,000","$14,000","$22,000","$30,000",
,0.00%,4.00%,5.00%,6.00%,7.00%,8.00%,9.00%,10.00%,
ALL_ALL_ABZ_Q_SR,0,10,20,50,,,,,
,0.00%,3.00%,5.00%,7.00%,,,,,
ALL_ALL_Mobis_A_SR,0,"$2,500","$5,000","$7,500","$10,000","$15,000","$20,000",,
,0.00%,8.00%,9.00%,10.00%,11.00%,12.00%,13.00%,,
ALL_ALL_AVW_A_SR,0,"$2,500","$5,000","$7,500","$10,000","$15,000","$20,000",,
,0.00%,8.00%,9.00%,10.00%,11.00%,12.00%,13.00%,,
HK_ALL_AJT_Q_HQ,0,"5,000","7,500","8,500","10,000",,,,
,0.00%,2.00%,3.00%,4.00%,5.00%,,,,
LF_PCLT_AJT_Q_HQ,0,"4,001","5,001","6,001","7,001",,,,
,0.00%,5.00%,6.00%,7.00%,8.00%,,,,
ALL_ALL_AMC_A_HQ,0,$1.00,,,,,,,
,0.00%,10.00%,,,,,,,
ALL_ALL_AMC_A_VR,$0,"$100,000","$300,000","$500,000","$750,000","$1,000,000","$1,500,000","$2,000,000","$2,500,000"
,0.00%,3.00%,4.00%,5.00%,6.00%,7.00%,8.00%,9.00%,10.00%
ALL_ALL_AMT_A_HQ,$0,$1.00,,,,,,,
,0.00%,15.00%,,,,,,,
HK_ALL_ACD_A_HQ,$0,$1.00,,,,,,,
,0.00%,5.00%,,,,,,,
HK_ALL_APP_A_VR,$0.00,"$80,000.00","$95,000.00","$115,000.00","$130,000.00","$150,000.00","$170,000.00",,
,0.00%,5.00%,6.00%,7.00%,8.00%,9.00%,10.00%,,
HK_ALL_APP_A_HQ,$0.00,$1.00,,,,,,,
,0.00%,6.00%,,,,,,,
ALL_ALL_AVW_Q_HQ,0,1,250,350,,,,,
,0.00%,5.00%,7.00%,9.00%,,,,,
ALL_ALL_AVW_A_IT,$0.00,$1.00,,,,,,,
,0.00%,1.00%,,,,,,,
ALL_ALL_AVW_A_WTY,$0.00,$1.00,,,,,,,
,0.00%,1.50%,,,,,,,
ALL_ALL_Mobis_A_HQ,$0.00,$1.00,,,,,,,
,0.00%,10.00%,,,,,,,
HK_ALL_DIA_A_VR,$0.00,"$40,000","$60,000","$100,000","$140,000",,,,
,0.00%,11.00%,13.00%,14.00%,15.00%,,,,
LF_PCLT_DIA_A_VR,$0.00,"$4,000","$6,000","$8,000","$12,000",,,,
,0.00%,2.00%,4.00%,6.00%,8.00%,,,,
ALL_ALL_ABZ_A_HQ,$0.00,$1.00,,,,,,,
,0.00%,5.00%,,,,,,,
HK_ALL_ATW_A_HQ,$0.00,$1.00,,,,,,,
,0.00%,5.00%,,,,,,,
HK_ALL_AHD_A_VR,$0.00,"$6,000","$18,000","$24,000","$32,000","$42,000","$55,000","$75,000","$100,000"
,0.00%,2.00%,3.00%,5.00%,6.00%,7.00%,10.00%,12.00%,13.00%
ALL_ALL_ACM_A_HQ,$0.00,$1.00,,,,,,,
,0.00%,5.00%,,,,,,,
ALL_ALL_ACM_Q_VR,0,25,50,75,100,150,200,,
,0.00%,8.00%,9.00%,10.00%,11.00%,12.00%,13.00%,,
ALL_ALL_ATF_A_HQ,$0.00,$1.00,,,,,,,
,0.00%,5.00%,,,,,,,
HK_ALL_ATL_A_HQ,$0.00,$1.00,,,,,,,
,0.00%,5.00%,,,,,,,
HK_ALL_ATL_Q_VR,0,500,1000,2000,3000,5000,,,
,0.00%,1.00%,2.00%,3.00%,4.00%,6.00%,,,
LF_PCLT_ATL_A_VR,$0,"$2,000","$4,000","$6,000","$8,000","$12,000",,,
,0.00%,2.00%,4.00%,6.00%,8.00%,10.00%,,,
ALL_PCLT_RSS_A_HQ,$0.00,$1.00,,,,,,,
,0.00%,2.00%,,,,,,,
ALL_ALL_RSS_A_HQ,$0.00,"$20,000",,,,,,,
,0.00%,2.00%,,,,,,,
