make,model,gen_start_year,size
TOYOTA,HILUX,2005,265/70R16
TOYOTA,HILUX,2015,265/65R17
TOYOTA,RAV4,2013,225/65R17
TOYOTA,RAV4,2019,225/65R17
TOYOTA,COROLLA,2007,195/65R15
TOYOTA,CAMRY,2006,215/60R16
TOYOTA,CAMRY,2017,215/55R17
TOYOTA,LANDCRUISER,2007,285/65R17
TOYOTA,LANDCRUISER,2021,265/65R18
TOYOTA,LAND CRUISER,2007,285/65R17
TOYOTA,LAND CRUISER,2021,265/65R18
TOYOTA,PRADO,2009,265/65R17
TOYOTA,PRADO,2024,265/65R18
TOYOTA,LANDCRUISER PRADO,2009,265/65R17
TOYOTA,LANDCRUISER PRADO,2024,265/65R18
TOYOTA,FORTUNER,2016,265/65R17
TOYOTA,KLUGER,2007,245/60R18
TOYOTA,KLUGER,2021,235/65R18
TOYOTA,HIACE,2005,215/70R16
TOYOTA,COMMUTER,2005,215/70R16
TOYOTA,YARIS,2005,175/65R14
TOYOTA,YARIS,2020,175/65R15
TOYOTA,YARIS CROSS,2020,205/65R16
TOYOTA,COROLLA CROSS,2022,215/60R17
TOYOTA,C-HR,2017,215/60R17
TOYOTA,C-HR,2020,215/60R17
TOYOTA,GR YARIS,2020,225/40R18
TOYOTA,GR COROLLA,2023,235/40R18
TOYOTA,86,2013,205/55R16
TOYOTA,SUPRA,2019,255/40R19
TOYOTA,GR SUPRA,2019,255/40R19
TOYOTA,MIRAI,2020,235/55R19
TOYOTA,BZ4X,2022,235/60R18
TOYOTA,TARAGO,2007,215/60R16
FORD,RANGER,2006,235/75R15
FORD,RANGER,2011,215/70R16
FORD,RANGER,2022,255/65R17
FORD,EVEREST,2015,265/60R18
FORD,EVEREST,2022,255/65R18
FORD,TRANSIT,2014,195/75R16
FORD,TRANSIT CUSTOM,2020,215/60R17
FORD,ESCAPE,2020,225/60R18
FORD,PUMA,2020,215/55R17
FORD,MUSTANG,2015,255/40R19
FORD,MUSTANG MACH-E,2020,225/60R18
FORD,FOCUS,2018,215/55R16
FORD,FIESTA,2013,195/50R16
FORD,MONDEO,2015,235/50R17
FORD,KUGA,2013,235/55R17
FORD,ECOSPORT,2013,205/60R16
FORD,TERRITORY,2011,235/60R17
FORD,FALCON,2008,215/60R16
FORD,FALCON UTE,2008,215/60R16
FORD,LASER,1994,195/60R14
HYUNDAI,I30,2007,205/55R16
HYUNDAI,I20,2020,195/55R16
HYUNDAI,ELANTRA,2006,195/65R15
HYUNDAI,ELANTRA,2020,205/55R16
HYUNDAI,ACCENT,2011,175/70R14
HYUNDAI,GETZ,2005,175/65R14
HYUNDAI,VELOSTER,2011,215/45R17
HYUNDAI,SONATA,2019,235/45R18
HYUNDAI,KONA,2017,205/60R16
HYUNDAI,KONA,2023,215/55R18
HYUNDAI,VENUE,2019,205/60R16
HYUNDAI,TUCSON,2010,225/60R17
HYUNDAI,TUCSON,2021,235/65R17
HYUNDAI,IX35,2010,215/70R16
HYUNDAI,SANTA FE,2012,235/65R17
HYUNDAI,SANTA FE,2018,235/65R17
HYUNDAI,SANTA FE,2024,255/45R21
HYUNDAI,PALISADE,2021,245/60R18
HYUNDAI,ILOAD,2007,215/70R16
HYUNDAI,IMAX,2007,215/70R16
HYUNDAI,STARIA,2021,235/60R18
HYUNDAI,STARIA LOAD,2021,215/65R16
HYUNDAI,IONIQ,2016,205/55R16
HYUNDAI,IONIQ 5,2021,235/55R19
HYUNDAI,IONIQ 6,2022,225/55R18
HYUNDAI,KONA ELECTRIC,2019,215/55R17
HYUNDAI,GENESIS,2008,235/45R18
KIA,CERATO,2008,205/55R16
KIA,RIO,2011,185/65R15
KIA,PICANTO,2017,175/50R15
KIA,STONIC,2020,205/60R16
KIA,SELTOS,2019,215/60R17
KIA,SPORTAGE,2010,225/60R17
KIA,SPORTAGE,2015,225/60R17
KIA,SPORTAGE,2022,235/65R17
KIA,SORENTO,2009,235/65R17
KIA,SORENTO,2020,235/65R17
KIA,CARNIVAL,2006,235/60R17
KIA,CARNIVAL,2021,235/65R17
KIA,GRAND CARNIVAL,2006,235/60R17
KIA,STINGER,2017,225/45R18
KIA,EV6,2021,235/55R19
KIA,EV9,2023,255/60R19
KIA,K5,2020,235/45R18
KIA,OPTIMA,2011,215/55R17
MAZDA,MAZDA 2,2007,175/65R14
MAZDA,MAZDA 2,2014,185/60R15
MAZDA,MAZDA 3,2009,205/55R16
MAZDA,MAZDA 3,2019,205/60R16
MAZDA,MAZDA 6,2013,225/55R17
MAZDA,CX-3,2015,215/50R18
MAZDA,CX-30,2020,215/55R18
MAZDA,CX-5,2012,225/65R17
MAZDA,CX-5,2017,225/65R17
MAZDA,CX-8,2018,225/55R19
MAZDA,CX-9,2016,255/60R18
MAZDA,CX-60,2023,235/60R18
MAZDA,CX-70,2024,235/60R18
MAZDA,CX-80,2024,235/60R18
MAZDA,CX-90,2024,235/60R18
MAZDA,BT-50,2020,255/65R17
MAZDA,MX-5,2015,195/50R16
MAZDA,MX-30,2020,215/55R18
MAZDA,323,1998,185/65R14
MAZDA,626,1998,195/60R15
MAZDA,121,1996,155/65R14
MAZDA,B2500,1999,205/70R15
MAZDA,B2600,1996,205/70R15
MAZDA,B3000,2002,225/70R15
MAZDA,B3200,2007,225/70R15
MAZDA,TRIBUTE,2001,235/70R16
MAZDA,CX-7,2007,225/55R18
HOLDEN,COMMODORE,2006,225/60R16
HOLDEN,COMMODORE,2013,245/45R18
HOLDEN,COMMODORE,2018,225/55R17
HOLDEN,CALAIS,2006,245/45R17
HOLDEN,CALAIS,2013,245/45R18
HOLDEN,BERLINA,2013,225/60R16
HOLDEN,CAPRICE,2013,245/50R18
HOLDEN,STATESMAN,2003,235/45R17
HOLDEN,MONARO,2001,235/40R18
HOLDEN,ASTRA,2004,205/55R16
HOLDEN,ASTRA,2015,215/50R17
HOLDEN,BARINA,2011,185/60R15
HOLDEN,CRUZE,2009,205/60R16
HOLDEN,COLORADO,2008,225/70R15
HOLDEN,COLORADO,2016,245/70R16
HOLDEN,CAPTIVA,2010,235/60R17
HOLDEN,TRAX,2013,205/70R16
HOLDEN,EQUINOX,2017,225/65R17
HOLDEN,ACADIA,2018,235/65R18
HOLDEN,RODEO,2003,225/70R15
HOLDEN,COMBO,2004,175/70R14
HOLDEN,VECTRA,2004,205/55R16
HOLDEN,EPICA,2007,205/60R16
HOLDEN,VIVA,2005,185/60R14
HOLDEN,UTILITY,1998,215/60R16
HOLDEN,HOLDEN UTILITY,1998,215/60R16
MITSUBISHI,MIRAGE,2013,165/65R14
MITSUBISHI,LANCER,2007,195/65R15
MITSUBISHI,ASX,2010,205/60R16
MITSUBISHI,ECLIPSE CROSS,2018,215/70R16
MITSUBISHI,OUTLANDER,2006,215/70R16
MITSUBISHI,OUTLANDER,2012,225/55R18
MITSUBISHI,OUTLANDER,2022,235/60R18
MITSUBISHI,PAJERO,2007,265/65R17
MITSUBISHI,PAJERO SPORT,2015,265/60R18
MITSUBISHI,TRITON,2006,225/75R15
MITSUBISHI,TRITON,2015,205R16C
MITSUBISHI,TRITON,2024,265/60R18
MITSUBISHI,EXPRESS,2020,215/65R16
MITSUBISHI,380,2005,215/60R16
MITSUBISHI,MAGNA,1996,205/65R15
SUBARU,IMPREZA,2007,205/55R16
SUBARU,FORESTER,2008,225/60R17
SUBARU,OUTBACK,2009,225/65R17
SUBARU,OUTBACK,2020,225/65R17
SUBARU,LIBERTY,2014,225/50R17
SUBARU,XV,2017,225/60R17
SUBARU,CROSSTREK,2023,225/60R17
SUBARU,WRX,2014,245/40R18
SUBARU,WRX,2022,245/40R18
SUBARU,LEVORG,2020,225/45R18
SUBARU,BRZ,2012,215/45R17
SUBARU,SOLTERRA,2022,235/60R18
NISSAN,MICRA,2013,165/70R14
NISSAN,PULSAR,2013,195/65R15
NISSAN,TIIDA,2006,185/65R15
NISSAN,ALMERA,2013,185/65R15
NISSAN,JUKE,2020,215/60R17
NISSAN,QASHQAI,2014,215/60R17
NISSAN,QASHQAI,2022,215/65R17
NISSAN,X-TRAIL,2007,215/65R16
NISSAN,X-TRAIL,2014,225/65R17
NISSAN,X-TRAIL,2022,235/65R17
NISSAN,DUALIS,2007,215/60R17
NISSAN,MURANO,2015,235/65R18
NISSAN,PATHFINDER,2013,235/65R18
NISSAN,PATHFINDER,2022,255/60R18
NISSAN,PATROL,1997,265/70R16
NISSAN,PATROL,2013,265/70R18
NISSAN,NAVARA,2005,255/65R17
NISSAN,NAVARA,2015,255/70R16
NISSAN,LEAF,2019,205/55R16
NISSAN,ARIYA,2023,235/55R19
NISSAN,370Z,2009,225/50R18
NISSAN,GT-R,2007,255/40R20
HONDA,JAZZ,2014,175/65R15
HONDA,CITY,2020,185/55R16
HONDA,CIVIC,2016,215/55R16
HONDA,ACCORD,2013,225/50R17
HONDA,ACCORD,2018,235/45R18
HONDA,INTEGRA,2001,205/55R16
HONDA,HR-V,2015,215/55R17
HONDA,HR-V,2022,215/60R17
HONDA,CR-V,2007,225/65R17
HONDA,CR-V,2017,235/65R17
HONDA,ODYSSEY,2013,225/45R18
HONDA,PILOT,2003,235/70R16
HONDA,MDX,2001,235/65R17
HONDA,NSX,2017,245/35R19
HONDA,S2000,1999,215/45R17
VOLKSWAGEN,POLO,2010,175/70R14
VOLKSWAGEN,POLO,2018,185/60R15
VOLKSWAGEN,GOLF,2009,195/65R15
VOLKSWAGEN,GOLF,2013,205/55R16
VOLKSWAGEN,GOLF,2020,205/55R16
VOLKSWAGEN,PASSAT,2015,215/55R17
VOLKSWAGEN,ARTEON,2018,235/45R18
VOLKSWAGEN,T-ROC,2020,215/60R17
VOLKSWAGEN,T-CROSS,2021,205/60R16
VOLKSWAGEN,TIGUAN,2017,235/55R18
VOLKSWAGEN,TIGUAN ALLSPACE,2018,235/55R18
VOLKSWAGEN,TOUAREG,2018,255/55R19
VOLKSWAGEN,AMAROK,2011,245/65R17
VOLKSWAGEN,AMAROK,2022,255/65R17
VOLKSWAGEN,CADDY,2020,195/65R15
VOLKSWAGEN,TRANSPORTER,2015,205/65R16
VOLKSWAGEN,MULTIVAN,2015,215/60R17
VOLKSWAGEN,CRAFTER,2017,205/75R16
VOLKSWAGEN,ID.4,2020,235/55R19
VOLKSWAGEN,ID.5,2022,235/55R19
SUZUKI,SWIFT,2017,185/55R16
SUZUKI,BALENO,2016,185/65R15
SUZUKI,IGNIS,2017,175/60R15
SUZUKI,JIMNY,2018,195/80R15
SUZUKI,VITARA,2015,215/60R16
SUZUKI,S-CROSS,2013,215/55R17
SUZUKI,ALTO,2009,155/65R14
ISUZU,D-MAX,2012,255/65R17
ISUZU,D-MAX,2020,255/65R17
ISUZU,MU-X,2013,255/65R17
ISUZU,MU-X,2021,255/65R17
ISUZU-UTE,D-MAX,2012,255/65R17
ISUZU-UTE,D-MAX,2020,255/65R17
ISUZU-UTE,MU-X,2013,255/65R17
ISUZU-UTE,MU-X,2021,255/65R17
BMW,118,2019,205/55R16
BMW,125,2019,225/45R17
BMW,220,2020,205/60R16
BMW,318,2005,205/55R16
BMW,318,2012,225/50R17
BMW,318,2019,225/50R17
BMW,320,2005,205/55R16
BMW,320,2012,225/50R17
BMW,320,2019,225/50R17
BMW,325,2005,225/45R17
BMW,325,2019,225/45R18
BMW,328,2012,225/50R17
BMW,330,2005,225/45R17
BMW,330,2012,225/45R18
BMW,330,2019,225/45R18
BMW,330E,2019,225/45R18
BMW,340,2019,225/45R18
BMW,M135,2019,225/40R18
BMW,M235,2020,225/40R18
BMW,M340,2019,225/40R18
BMW,M3,2020,275/40R19
BMW,M4,2020,275/40R19
BMW,520,2017,225/55R17
BMW,528,2010,225/55R17
BMW,530,2017,245/45R18
BMW,540,2017,245/40R19
BMW,730,2015,245/50R18
BMW,740,2015,245/50R18
BMW,750,2015,245/50R19
BMW,X1,2010,225/55R17
BMW,X1,2015,225/50R18
BMW,X1,2023,225/55R18
BMW,X2,2018,225/55R18
BMW,X3,2004,235/55R17
BMW,X3,2011,225/60R17
BMW,X3,2018,245/50R19
BMW,X4,2014,245/50R18
BMW,X4,2018,245/50R19
BMW,X5,2007,255/55R18
BMW,X5,2013,255/55R18
BMW,X5,2019,265/50R19
BMW,X6,2008,255/55R18
BMW,X6,2019,275/45R20
BMW,X7,2019,275/50R21
BMW,Z4,2019,225/45R18
BMW,I3,2013,155/70R19
BMW,IX3,2020,245/50R19
BMW,IX,2021,255/50R20
BMW,I4,2022,225/45R18
MERCEDES-BENZ,A180,2018,205/60R16
MERCEDES-BENZ,A200,2018,205/60R16
MERCEDES-BENZ,A250,2018,225/45R18
MERCEDES-BENZ,A45,2019,235/40R19
MERCEDES-BENZ,B180,2019,205/60R16
MERCEDES-BENZ,B200,2019,205/60R16
MERCEDES-BENZ,B250,2019,225/45R18
MERCEDES-BENZ,C180,2007,205/55R16
MERCEDES-BENZ,C180,2014,225/50R17
MERCEDES-BENZ,C180,2021,225/50R17
MERCEDES-BENZ,C200,2007,205/55R16
MERCEDES-BENZ,C200,2014,225/50R17
MERCEDES-BENZ,C200,2021,225/50R17
MERCEDES-BENZ,C220,2014,225/50R17
MERCEDES-BENZ,C220,2021,225/50R17
MERCEDES-BENZ,C250,2007,205/55R16
MERCEDES-BENZ,C250,2014,225/50R17
MERCEDES-BENZ,C300,2014,225/45R18
MERCEDES-BENZ,C300,2021,225/45R18
MERCEDES-BENZ,C350,2014,225/45R18
MERCEDES-BENZ,C43,2018,225/40R19
MERCEDES-BENZ,C63,2015,255/40R18
MERCEDES-BENZ,C63S,2015,255/35R19
MERCEDES-BENZ,CLA200,2019,205/55R17
MERCEDES-BENZ,CLA250,2019,225/45R18
MERCEDES-BENZ,CLA45,2019,235/35R19
MERCEDES-BENZ,E200,2002,225/55R16
MERCEDES-BENZ,E200,2009,225/55R17
MERCEDES-BENZ,E200,2016,245/45R18
MERCEDES-BENZ,E240,2003,225/55R16
MERCEDES-BENZ,E250,2009,225/55R17
MERCEDES-BENZ,E250,2013,225/55R17
MERCEDES-BENZ,E300,2009,225/55R17
MERCEDES-BENZ,E300,2016,245/45R18
MERCEDES-BENZ,E350,2016,245/40R19
MERCEDES-BENZ,E400,2016,245/40R19
MERCEDES-BENZ,GLA180,2020,235/55R18
MERCEDES-BENZ,GLA200,2020,235/55R18
MERCEDES-BENZ,GLA250,2020,235/50R19
MERCEDES-BENZ,GLB200,2020,235/60R18
MERCEDES-BENZ,GLB250,2020,235/50R19
MERCEDES-BENZ,GLC200,2016,235/60R18
MERCEDES-BENZ,GLC200,2023,235/60R18
MERCEDES-BENZ,GLC250,2016,235/60R18
MERCEDES-BENZ,GLC300,2016,235/55R19
MERCEDES-BENZ,GLC300,2023,235/55R19
MERCEDES-BENZ,GLC43,2016,235/55R19
MERCEDES-BENZ,GLC63,2018,265/45R20
MERCEDES-BENZ,GLE400,2019,275/50R20
MERCEDES-BENZ,GLE450,2019,275/50R20
MERCEDES-BENZ,GLE63,2019,285/45R21
MERCEDES-BENZ,GLS,2020,275/50R20
MERCEDES-BENZ,S400,2013,235/55R18
MERCEDES-BENZ,S450,2020,255/45R19
MERCEDES-BENZ,S500,2020,255/45R19
MERCEDES-BENZ,S560,2017,255/45R19
MERCEDES-BENZ,SL350,2012,255/40R18
MERCEDES-BENZ,SLK200,2011,225/45R17
MERCEDES-BENZ,SLC200,2016,225/45R17
MERCEDES-BENZ,V-CLASS,2015,225/55R17
MERCEDES-BENZ,VITO,2015,205/65R16
MERCEDES-BENZ,SPRINTER,2018,205/75R16
MERCEDES-BENZ,EQS,2022,255/45R20
MERCEDES-BENZ,EQE,2023,255/45R19
MERCEDES-BENZ,EQA,2021,235/50R19
MERCEDES-BENZ,EQB,2021,235/55R18
MERCEDES-BENZ,EQC,2019,235/55R19
AUDI,A1,2019,195/55R16
AUDI,A3,2004,205/55R16
AUDI,A3,2012,205/55R16
AUDI,A3,2020,205/55R16
AUDI,S3,2004,225/45R17
AUDI,S3,2012,225/40R18
AUDI,S3,2020,225/40R18
AUDI,RS3,2020,235/35R19
AUDI,A4,2007,205/60R16
AUDI,A4,2015,225/50R17
AUDI,S4,2007,245/40R18
AUDI,S4,2015,245/40R18
AUDI,A5,2016,225/50R17
AUDI,S5,2017,245/40R18
AUDI,A6,2018,225/55R17
AUDI,S6,2019,245/40R20
AUDI,A7,2018,225/55R18
AUDI,A8,2018,235/55R19
AUDI,Q2,2016,215/60R16
AUDI,Q3,2019,215/65R16
AUDI,RSQ3,2019,235/40R20
AUDI,SQ2,2019,235/40R19
AUDI,Q4,2021,235/55R19
AUDI,Q5,2017,235/65R17
AUDI,SQ5,2017,235/60R18
AUDI,Q7,2015,255/60R18
AUDI,SQ7,2017,285/45R20
AUDI,Q8,2019,285/45R20
AUDI,SQ8,2019,285/45R20
AUDI,TT,2015,225/50R17
AUDI,TTS,2015,245/40R18
AUDI,RS6,2020,275/35R21
AUDI,RS7,2020,275/35R21
AUDI,RSQ8,2020,285/40R22
AUDI,E-TRON,2019,255/55R19
AUDI,E-TRON GT,2021,245/45R20
LEXUS,IS,2013,225/45R17
LEXUS,IS200,1999,205/55R16
LEXUS,IS250,2005,225/45R17
LEXUS,IS300,2020,225/45R17
LEXUS,IS300H,2013,225/45R17
LEXUS,IS350,2013,225/40R18
LEXUS,IS500,2022,235/40R19
LEXUS,ES,2018,215/55R17
LEXUS,ES300H,2018,215/55R17
LEXUS,ES350,2018,215/55R17
LEXUS,LS500,2018,245/50R19
LEXUS,LC500,2017,245/45R20
LEXUS,GS300,2005,225/50R17
LEXUS,GS350,2005,225/50R17
LEXUS,GS450H,2007,225/45R18
LEXUS,GS-F,2016,255/35R19
LEXUS,RC300,2015,235/45R18
LEXUS,RC350,2015,235/40R19
LEXUS,RC-F,2015,255/35R19
LEXUS,LFA,2010,265/35R20
LEXUS,UX,2018,215/60R17
LEXUS,UX200,2018,215/60R17
LEXUS,UX250H,2018,215/60R17
LEXUS,NX,2014,235/60R18
LEXUS,NX,2021,235/60R18
LEXUS,NX300,2014,235/60R18
LEXUS,NX300H,2014,225/65R18
LEXUS,NX350,2021,235/55R19
LEXUS,NX450H,2021,235/55R19
LEXUS,RX,2022,235/65R18
LEXUS,RX350,2015,235/65R18
LEXUS,RX400H,2005,235/55R18
LEXUS,RX450H,2015,235/55R20
LEXUS,LX570,2016,275/60R20
LEXUS,LX600,2022,265/55R20
LEXUS,LM,2020,225/55R19
JEEP,CHEROKEE,2014,225/60R17
JEEP,COMPASS,2017,225/60R17
JEEP,GRAND CHEROKEE,2005,245/65R17
JEEP,GRAND CHEROKEE,2011,265/60R18
JEEP,GRAND CHEROKEE,2022,265/60R18
JEEP,WRANGLER,2006,255/75R17
JEEP,WRANGLER,2018,245/75R17
JEEP,GLADIATOR,2020,245/75R17
JEEP,RENEGADE,2015,215/60R17
JEEP,PATRIOT,2007,215/65R16
LAND ROVER,DEFENDER,2020,255/65R19
LAND ROVER,DISCOVERY,2004,255/60R18
LAND ROVER,DISCOVERY,2009,255/55R19
LAND ROVER,DISCOVERY,2017,255/60R19
LAND ROVER,DISCOVERY SPORT,2015,235/60R18
LAND ROVER,FREELANDER,2007,235/60R18
LAND ROVER,RANGE ROVER,2013,275/55R20
LAND ROVER,RANGE ROVER,2022,275/55R20
LAND ROVER,RANGE ROVER SPORT,2013,275/55R20
LAND ROVER,RANGE ROVER SPORT,2022,275/55R20
LAND ROVER,RANGE ROVER EVOQUE,2011,235/60R18
LAND ROVER,RANGE ROVER EVOQUE,2019,235/60R18
LAND ROVER,RANGE ROVER VELAR,2017,235/65R19
MINI,HATCH,2014,175/65R15
MINI,CLUBMAN,2015,205/55R16
MINI,COUNTRYMAN,2017,215/55R17
MINI,CONVERTIBLE,2016,175/65R15
MINI,PACEMAN,2013,205/55R17
JAGUAR,XE,2015,225/45R18
JAGUAR,XF,2016,225/55R17
JAGUAR,XJ,2010,245/45R19
JAGUAR,F-TYPE,2013,245/40R19
JAGUAR,F-PACE,2017,255/60R18
JAGUAR,E-PACE,2018,235/60R18
JAGUAR,I-PACE,2018,235/65R18
JAGUAR,XK,2006,245/40R19
VOLVO,S60,2019,235/45R18
VOLVO,S90,2016,245/45R18
VOLVO,V60,2019,235/45R18
VOLVO,V90,2016,235/45R18
VOLVO,XC40,2018,235/55R18
VOLVO,XC60,2017,235/60R18
VOLVO,XC90,2016,235/60R19
VOLVO,C40,2022,235/50R19
VOLVO,EX30,2024,215/55R19
PORSCHE,911,2019,235/40R19
PORSCHE,BOXSTER,2016,235/45R18
PORSCHE,CAYMAN,2016,235/45R18
PORSCHE,CAYENNE,2018,255/55R19
PORSCHE,MACAN,2014,235/60R18
PORSCHE,PANAMERA,2017,265/45R19
PORSCHE,TAYCAN,2020,225/55R19
TESLA,MODEL 3,2017,235/45R18
TESLA,MODEL Y,2022,255/45R19
TESLA,MODEL S,2015,245/45R19
TESLA,MODEL X,2016,265/45R20
FIAT,500,2008,175/65R14
FIAT,500X,2015,205/55R17
FIAT,PANDA,2012,175/65R14
FIAT,PUNTO,2005,185/65R15
FIAT,DUCATO,2006,215/70R15
FIAT,DOBLO,2010,195/65R15
FIAT,SCUDO,2008,215/65R16
ALFA ROMEO,GIULIA,2016,225/45R18
ALFA ROMEO,GIULIETTA,2010,205/55R16
ALFA ROMEO,STELVIO,2017,235/60R18
ALFA ROMEO,MITO,2008,185/60R15
ALFA ROMEO,4C,2013,205/45R17
ALFA ROMEO,TONALE,2023,225/45R19
CITROEN,C3,2016,185/65R15
CITROEN,C4,2010,205/55R16
CITROEN,C5,2008,225/55R17
CITROEN,C5 AIRCROSS,2019,235/50R19
CITROEN,BERLINGO,2018,205/60R16
CITROEN,DS3,2010,195/55R16
CITROEN,DS4,2012,205/55R17
CITROEN,DS7,2018,235/55R19
PEUGEOT,208,2019,195/55R16
PEUGEOT,308,2014,205/55R16
PEUGEOT,508,2019,235/45R18
PEUGEOT,2008,2020,215/60R17
PEUGEOT,3008,2017,225/55R18
PEUGEOT,5008,2017,225/55R18
PEUGEOT,207,2007,185/65R15
PEUGEOT,4008,2012,215/70R16
PEUGEOT,BOXER,2007,215/70R15
PEUGEOT,PARTNER,2018,205/60R16
RENAULT,CLIO,2013,185/65R15
RENAULT,MEGANE,2016,205/55R16
RENAULT,CAPTUR,2015,205/60R16
RENAULT,KOLEOS,2017,225/60R18
RENAULT,KADJAR,2017,215/60R17
RENAULT,ARKANA,2021,215/60R17
RENAULT,ZOE,2013,195/55R16
RENAULT,TRAFIC,2015,215/65R16
RENAULT,MASTER,2015,225/65R16
RENAULT,KANGOO,2013,185/65R15
SKODA,FABIA,2015,185/60R15
SKODA,SCALA,2019,205/55R16
SKODA,OCTAVIA,2013,205/55R16
SKODA,SUPERB,2015,215/60R16
SKODA,KAROQ,2017,215/60R17
SKODA,KODIAQ,2017,235/55R18
SKODA,KAMIQ,2019,205/60R16
SKODA,YETI,2009,215/60R16
SKODA,ENYAQ,2020,235/55R19
SEAT,IBIZA,2017,185/60R15
SEAT,LEON,2020,205/55R16
SEAT,ATECA,2017,215/60R17
SEAT,ARONA,2017,215/55R17
LDV,G10,2015,205/65R16
LDV,V80,2013,205/75R16
LDV,T60,2017,265/65R17
LDV,D90,2017,255/60R18
LDV,DELIVER 9,2020,225/75R16
LDV,ESCAPE,2020,265/60R18
LDV,EV90,2023,225/75R16
MG,MG3,2016,175/65R15
MG,MG6,2013,225/50R18
MG,ZS,2019,215/55R17
MG,ZS EV,2020,215/55R17
MG,HS,2019,235/50R18
MG,GS,2016,225/55R18
MG,MG4,2022,215/50R18
MG,MG5,2020,205/55R16
MG,MG B,1979,175/70R14
HAVAL,H2,2015,215/60R17
HAVAL,H6,2020,225/60R18
HAVAL,H9,2015,265/60R18
HAVAL,JOLION,2020,215/55R17
GWM,STEED,2016,235/70R16
GWM,UTE,2020,265/60R18
GWM,CANNON,2020,265/60R18
GWM,HAVAL H6,2020,225/60R18
GWM,TANK,2022,265/60R18
GWM,TANK 300,2022,265/60R18
GWM,TANK 500,2023,275/50R21
GWM,ORA,2022,215/50R18
GWM,ORA GOOD CAT,2022,215/50R18
GREAT WALL,STEED,2016,235/70R16
GREAT WALL,X200,2010,235/60R16
GREAT WALL,V200,2011,215/75R15
CHERY,OMODA 5,2023,215/55R18
CHERY,OMODA C5,2023,215/55R18
CHERY,TIGGO 4,2023,215/60R17
CHERY,TIGGO 7,2023,235/55R18
CHERY,TIGGO 8,2023,235/55R19
CHERY,J1,2011,175/65R14
CHERY,J11,2013,205/65R16
BYD,ATTO 3,2022,215/55R18
BYD,ATTO3,2022,215/55R18
BYD,DOLPHIN,2023,205/60R16
BYD,SEAL,2023,235/45R19
BYD,SEAL U,2024,235/55R19
BYD,SEALION,2024,235/55R19
BYD,SHARK,2024,265/60R18
POLESTAR,2,2020,245/45R19
POLESTAR,3,2024,255/45R21
POLESTAR,4,2024,235/50R20
GENESIS,G70,2019,225/45R18
GENESIS,G80,2020,245/45R19
GENESIS,G90,2019,245/45R19
GENESIS,GV60,2022,235/50R20
GENESIS,GV70,2022,235/55R19
GENESIS,GV80,2020,265/50R20
INFINITI,Q30,2016,225/50R17
INFINITI,Q50,2014,225/50R18
INFINITI,Q60,2016,255/40R20
INFINITI,QX30,2016,215/60R17
INFINITI,QX50,2018,235/60R18
INFINITI,QX70,2013,265/50R20
INFINITI,QX80,2014,275/60R20
IVECO,DAILY,2014,195/75R16
FIAT,DUCATO,2015,225/75R16
FIAT,DOBLO,2015,195/65R15
FIAT,SCUDO,2008,215/65R16
HINO,300 SERIES,2011,205/75R16
HINO,500 SERIES,2011,11R22.5
HINO,700 SERIES,2003,11R22.5
FUSO,CANTER,2011,205/75R17.5
FUSO,FIGHTER,2011,11R22.5
FUSO,ROSA,2003,215/75R17.5
FUSO,FK,2003,11R22.5
ISUZU,NPR,2007,215/75R17.5
ISUZU,NLR,2007,205/75R17.5
ISUZU,FRR,2011,10R19.5
ISUZU,FSR,2011,11R22.5
ISUZU,FVR,2011,11R22.5
ISUZU,GIGA,2015,11R22.5
IVECO,ACCO,2015,11R22.5
IVECO,EUROCARGO,2015,265/70R19.5
IVECO,STRALIS,2015,315/70R22.5
KENWORTH,T410,2015,11R22.5
KENWORTH,T610,2018,11R22.5
KENWORTH,T650,2015,11R22.5
KENWORTH,T909,2015,11R22.5
KENWORTH,K200,2015,11R22.5
KENWORTH,C509,2015,11R22.5
MACK,TRIDENT,2010,11R22.5
MACK,METRO-LINER,2010,11R22.5
MACK,GRANITE,2010,11R22.5
MACK,SUPER-LINER,2010,11R22.5
VOLVO,FH,2013,315/70R22.5
VOLVO,FM,2013,11R22.5
VOLVO,FE,2013,11R22.5
VOLVO,FL,2013,265/70R19.5
DAF,CF,2015,315/70R22.5
DAF,XF,2015,315/70R22.5
MAN,TGX,2015,315/70R22.5
MAN,TGA,2010,315/70R22.5
SCANIA,R500,2015,315/70R22.5
SCANIA,P360,2010,11R22.5
MERCEDES-BENZ,ACTROS,2015,315/70R22.5
MERCEDES-BENZ,ATEGO,2015,265/70R19.5
FREIGHTLINER,ARGOSY,2010,11R22.5
FREIGHTLINER,CORONADO,2010,11R22.5
FREIGHTLINER,CASCADIA,2020,11R22.5
WESTERN STAR,4800,2010,11R22.5
WESTERN STAR,4900,2010,11R22.5
RAM,1500,2018,275/60R20
RAM,2500,2018,285/60R20
RAM,3500,2018,285/60R20
CHEVROLET,SILVERADO,2018,275/60R20
CHEVROLET,COLORADO,2015,255/65R17
CHEVROLET,CAPTIVA,2011,235/60R17
DODGE,CHALLENGER,2015,235/55R19
DODGE,CHARGER,2015,235/55R19
FERRARI,458,2011,235/35R20
FERRARI,488,2015,245/35R20
FERRARI,F8,2020,245/35R20
FERRARI,ROMA,2020,245/35R20
LAMBORGHINI,HURACAN,2014,245/30R20
LAMBORGHINI,URUS,2018,285/45R21
LAMBORGHINI,AVENTADOR,2011,255/35R19
MASERATI,GHIBLI,2013,235/50R18
MASERATI,QUATTROPORTE,2013,245/45R19
MASERATI,LEVANTE,2016,265/50R19
MASERATI,GRECALE,2022,255/45R20
BENTLEY,CONTINENTAL,2018,275/40R21
BENTLEY,FLYING SPUR,2019,275/40R21
BENTLEY,BENTAYGA,2015,285/45R21
ROLLS ROYCE,GHOST,2020,255/45R21
ROLLS ROYCE,PHANTOM,2018,255/50R21
ROLLS ROYCE,CULLINAN,2018,255/50R22
ASTON MARTIN,VANTAGE,2018,255/40R20
ASTON MARTIN,DB11,2016,255/40R20
ASTON MARTIN,DBX,2020,285/45R22
MCLAREN,570S,2015,225/35R19
MCLAREN,720S,2017,245/35R19
TOYOTA,AURION,2006,215/60R16
TOYOTA,AURION,2012,215/55R17
TOYOTA,ECHO,1999,155/80R13
TOYOTA,ECHO,2003,175/65R14
TOYOTA,PRIUS,1997,175/65R14
TOYOTA,PRIUS,2003,185/65R15
TOYOTA,PRIUS,2009,195/65R15
TOYOTA,PRIUS,2016,195/65R15
TOYOTA,ESTIMA,2000,215/60R16
TOYOTA,AVALON,2000,215/60R16
SUZUKI,GRAND VITARA,1998,225/70R16
SUZUKI,GRAND VITARA,2005,225/65R17
SUZUKI,SX4,2006,205/60R16
FORD,COURIER,1985,205R14C
FORD,COURIER,1999,205R16C
GREAT WALL,CANNON,2020,265/60R18
GREAT WALL,V240,2009,235/70R16
GREAT WALL,SA220,2010,215/65R16
VOLKSWAGEN,JETTA,2005,205/55R16
VOLKSWAGEN,JETTA,2011,205/55R16
MITSUBISHI,CHALLENGER,1998,265/70R16
MITSUBISHI,CHALLENGER,2010,265/60R18
MG,ZST,2019,215/55R17
HOLDEN,CREWMAN,2003,235/45R17
NISSAN,MAXIMA,1988,205/65R15
NISSAN,MAXIMA,1995,205/65R15
NISSAN,MAXIMA,2003,215/55R17
NISSAN,SKYLINE,1998,225/50R16
NISSAN,SKYLINE,2001,225/45R17
NISSAN,SKYLINE,2006,225/50R17
NISSAN,STAGEA,1996,215/60R16
NISSAN,SILVIA,1994,205/55R16
NISSAN,300ZX,1990,235/45R17
NISSAN,180SX,1989,205/55R16
NISSAN,ELGRAND,1997,215/65R16
NISSAN,ELGRAND,2002,215/65R16
NISSAN,ELGRAND,2010,225/55R18
NISSAN,PRESAGE,1998,215/65R15
NISSAN,PULSAR,1995,185/65R14
NISSAN,PATHFINDER,2005,265/65R17
TOYOTA,AVENSIS,2003,205/55R16
TOYOTA,LEXCEN,1989,205/65R15
TOYOTA,PASEO,1991,175/65R14
TOYOTA,SPACIA,1998,195/65R15
TOYOTA,STARLET,1996,155/70R13
TOYOTA,SOARER,1991,225/55R16
TOYOTA,CHASER,1996,205/60R15
TOYOTA,CROWN,1998,215/60R16
TOYOTA,MR2,1990,195/55R15
TOYOTA,CELICA,1994,205/50R15
TOYOTA,CELICA,1999,205/55R16
TOYOTA,CRESSIDA,1988,205/65R15
TOYOTA,PICNIC,1996,195/65R15
TOYOTA,RUKUS,2010,215/65R16
TOYOTA,SPRINTER,1991,185/65R14
FORD,LTD,2003,225/55R16
FORD,FAIRLANE,2003,225/55R16
FORD,FAIRMONT,2003,215/60R16
FORD,FUTURA,1998,205/65R15
FORD,LASER,1994,175/70R13
FORD,LASER,1998,195/60R14
FORD,METEOR,1985,175/70R13
FORD,PROBE,1994,205/55R15
FORD,TELSTAR,1994,195/60R15
FORD,COUGAR,1999,215/50R16
FORD,CAPRI,1990,175/70R13
FORD,MAVERICK,1988,235/75R15
FORD,RAPTOR,2018,285/70R17
HOLDEN,CAMIRA,1985,175/70R13
HOLDEN,COMBO,2004,175/70R14
HOLDEN,DROVER,1985,205R16
HOLDEN,APOLLO,1989,185/70R13
HOLDEN,NOVA,1989,175/70R13
HOLDEN,GEMINI,1985,175/70R13
HOLDEN,PIAZZA,1988,205/60R15
HOLDEN,VECTRA,1996,205/55R16
HOLDEN,SUBURBAN,1998,265/70R16
HOLDEN,JACKAROO,1992,265/70R16
HOLDEN,FRONTERA,1995,235/70R16
HOLDEN,ADVENTRA,2003,235/60R17
HOLDEN,ONE TONNER,2003,235/60R17
HOLDEN,MALIBU,2013,215/55R17
HOLDEN,ZAFIRA,2001,205/55R16
HOLDEN,ROYALE,1988,205/70R15
HOLDEN,SANDMAN,1975,205/70R14
MAZDA,MPV,2000,215/60R16
MAZDA,PREMACY,2001,195/60R15
MAZDA,TRIBUTE,2001,235/70R16
MAZDA,MX-6,1994,205/55R15
MAZDA,RX-7,1993,225/50R16
MAZDA,RX-8,2003,225/45R18
MAZDA,ETUDE,1990,175/70R13
MAZDA,ASTINA,1994,185/60R14
MAZDA,929,1993,205/65R15
MAZDA,808,1975,175/70R13
MAZDA,MILLENIA,1995,215/55R16
MITSUBISHI,STARWAGON,1994,205/65R15
MITSUBISHI,DIAMANTE,1997,215/60R15
MITSUBISHI,SIGMA,1985,185/70R13
MITSUBISHI,COLT,2004,175/65R14
MITSUBISHI,GALANT,1990,185/70R13
MITSUBISHI,VERADA,1993,205/65R15
MITSUBISHI,GRANDIS,2004,215/60R16
MITSUBISHI,FTO,1994,215/50R16
MITSUBISHI,3000GT,1994,245/40R18
MITSUBISHI,DELICA,1994,205/70R15
MITSUBISHI,PAJERO IO,1998,175/80R15
MITSUBISHI,NIMBUS,1998,195/65R15
HYUNDAI,LANTRA,1998,185/65R14
HYUNDAI,COUPE,2001,205/55R16
HYUNDAI,TRAJET,2000,215/65R16
HYUNDAI,SONATA,1998,195/65R15
HYUNDAI,TERRACAN,2001,235/70R16
HYUNDAI,GRANDEUR,2005,225/55R17
KIA,SPECTRA,2001,195/60R14
KIA,MENTOR,1998,175/70R13
KIA,MAGENTIS,2005,205/55R16
KIA,PRIDE,1994,155/70R13
KIA,SPORTAGE,1995,205/75R15
KIA,SOUL,2009,205/55R16
KIA,PRO_CEED,2007,205/55R16
KIA,PROCEED,2018,225/45R17
KIA,SORENTO,2003,235/60R16
DAIHATSU,CHARADE,1996,155/65R13
DAIHATSU,SIRION,1998,175/65R14
DAIHATSU,MOVE,1997,145/70R12
DAIHATSU,COPEN,2003,165/50R15
DAIHATSU,TERIOS,1998,215/65R15
SUZUKI,LIANA,2001,185/65R15
SUZUKI,IGNIS,2000,175/60R14
SUZUKI,APV,2005,185/70R14
SUZUKI,CARRY,1999,145R12
SUZUKI,CARRY,1985,145R10
SUZUKI,SIERRA,1993,205/70R15
SUBARU,LEONE,1988,175/70R13
SUBARU,SVX,1992,225/50R16
SUBARU,LIBERTY,1994,205/60R15
SUBARU,LIBERTY,1998,205/55R16
SUBARU,LIBERTY,2003,215/60R16
SUBARU,BAJA,2003,225/60R16
SUBARU,VIVIO,1995,155/65R13
SUBARU,JUSTY,1985,155/70R13
SUBARU,TRIBECA,2005,255/55R18
SUBARU,LEVORG,2015,225/50R17
SUBARU,BRUMBY,1985,175/70R13
SUBARU,VORTEX,1985,175/70R13
JEEP,LIBERTY,2001,235/60R16
JEEP,COMMANDER,2005,245/65R17
DODGE,NITRO,2007,235/65R17
DODGE,JOURNEY,2008,225/65R17
DODGE,CALIBER,2006,205/60R16
DODGE,AVENGER,2007,215/60R17
CHRYSLER,300,2005,215/65R17
CHRYSLER,300C,2005,225/60R18
CHRYSLER,PT CRUISER,2000,205/55R16
CHRYSLER,VOYAGER,1996,215/65R16
CHRYSLER,GRAND VOYAGER,2001,215/65R16
CHRYSLER,SEBRING,2007,215/60R17
CHRYSLER,YPSILON,2011,175/65R15
DAEWOO,LANOS,1997,175/70R13
DAEWOO,MATIZ,1998,155/65R13
DAEWOO,LEGANZA,1997,195/70R14
DAEWOO,NUBIRA,1997,185/65R14
DAEWOO,MUSSO,1999,225/70R16
DAEWOO,KORANDO,1999,205/75R15
DAEWOO,TACUMA,2001,185/65R14
SSANGYONG,MUSSO,1996,225/70R16
SSANGYONG,KORANDO,1996,205/75R15
SSANGYONG,STAVIC,2005,215/65R16
SSANGYONG,REXTON,2001,235/65R17
SSANGYONG,ACTYON,2007,225/70R16
SSANGYONG,KYRON,2005,225/75R16
SSANGYONG,TIVOLI,2015,205/60R16
PROTON,PERSONA,2000,185/60R14
PROTON,SATRIA,1996,175/70R13
PROTON,WIRA,1995,175/70R13
PROTON,JUMBUCK,2003,175/70R13
PROTON,GEN2,2004,195/60R15
PROTON,SAVVY,2005,175/60R14
PROTON,PREVE,2012,205/50R17
PROTON,SUPRIMA,2013,205/50R17
PROTON,S16,2004,205/45R17
ROVER,45,2000,185/65R15
ROVER,75,1999,195/65R15
ROVER,MG,2003,205/55R16
SAAB,9-3,1998,205/55R16
SAAB,9-5,1997,215/55R16
LADA,NIVA,1988,175R16
GEELY,MK,2010,185/65R14
CHERY,J1,2011,175/65R14
CHERY,J3,2011,185/65R14
CHERY,J11,2013,205/65R16
BRILLIANCE,BC3,2010,205/55R16
FOTON,TUNLAND,2013,255/70R16
INFINITI,FX,2003,265/60R18
INFINITI,M,2005,245/45R18
INFINITI,G,2003,225/50R17
ROVER,MINI,1990,145/70R12
LOTUS,ELISE,1996,185/55R15
LOTUS,EXIGE,2004,195/50R16
LOTUS,EVORA,2009,225/40R18
LOTUS,EMIRA,2022,245/35R20
CATERHAM,7,1985,175/60R13
MORGAN,PLUS 4,2004,205/50R15
TVR,GRIFFITH,1990,215/60R15
SMART,FORTWO,2004,155/60R15
SMART,FORFOUR,2004,175/50R15
